Roll_no,Name_of_student,Gender,lunch,age,sleep_hrs,screen_time,study_hrs,Attendance,Cat_1,Cat_2,Previous_CGPA
1,Tanya Kynder,Female,standard,26,3,21,14.38,78.43,60,86.52,76.47
2,Kean Sefton,Male,standard,10,8,13,8.31,16.95,30.28,23.57,75.44
3,Beaufort Normanville,Male,standard,27,15,15,3.54,99.2,23.68,98.48,84.03
4,Bernadina Gommowe,Female,free/reduced,27,23,19,23.75,60.65,44.24,15.91,26.91
5,Austin Hubert,Female,standard,19,3,13,19.16,5.77,82.6,99.3,87.02
6,Carey Gwillyam,Male,standard,19,20,7,15.46,87.88,7.8,60.35,6.48
7,Corilla Crighton,Female,standard,11,20,8,10.62,28.68,44.84,65.05,32.91
8,Nevile Long,Male,free/reduced,21,24,20,8.51,54.09,72.85,70.89,98.69
9,Saree Allcorn,Female,free/reduced,28,18,8,8.56,20.15,43.93,29.17,74.49
10,Sebastian Lattos,Male,free/reduced,28,20,14,10.31,19.03,90.4,97.53,76.39
11,Edward Trice,Male,standard,10,7,13,8.71,87.51,7,86.13,14.14
12,Quintus De Ferrari,Male,standard,19,0,18,8.76,62.83,83.75,38.85,9.73
13,Pennie Fowlston,Male,standard,27,1,17,5.39,16.36,15.3,16.65,1.84
14,Willette Wheildon,Female,standard,25,4,18,14.03,91.36,73.34,44.3,95.41
15,Melli Ficken,Female,standard,21,9,9,17.83,39.74,70.28,50.8,79.34
16,Archibald Gert,Male,standard,11,19,14,16.17,22.71,25.26,62.76,44.39
17,Cesar Pelling,Male,standard,22,17,21,15.03,77.64,77.89,3.86,0.78
18,Minnie Tatnell,Female,free/reduced,30,17,3,3.08,60.03,91.34,65.16,62.65
19,Ami Reese,Female,free/reduced,25,10,24,0.27,86.43,47.35,70.88,49.01
20,Charmain Kingsman,Female,free/reduced,22,18,22,0.25,11.64,7.12,57.52,93.19
21,Sullivan Ryder,Male,standard,27,17,18,3.7,52.11,87.76,88.52,75.08
22,Arte Duffrie,Male,free/reduced,14,12,23,4.62,65.34,79.42,15.45,87.64
23,Bobbie Kertess,Male,standard,19,8,17,23.74,84.12,61.97,81.79,52.03
24,Bartram Mattevi,Male,standard,30,18,2,7.02,49.79,90.94,19.3,10.4
25,Delbert Ellett,Male,free/reduced,22,15,13,17.71,28.49,47.79,38.68,87.03
26,Rakel Lomansey,Female,free/reduced,11,11,20,9.12,1.83,12.35,89.38,59.37
27,Milly Decker,Female,standard,11,14,12,3.49,71.95,63.86,17.82,7
28,Aksel Kinchlea,Male,standard,13,12,23,1.89,89.49,57.37,46.44,73.33
29,Danie Dorling,Male,standard,30,7,14,15.67,23.9,84.05,36.08,40.12
30,Sid Andrei,Male,standard,25,14,23,6.01,20.84,32.96,53,57.22
31,Mattias Shortell,Male,standard,18,10,3,23.23,42.28,95.32,53.5,50.83
32,Dev Nower,Male,standard,17,23,5,22.56,17.42,46.91,5.11,40.51
33,Ambrose Grinov,Male,free/reduced,30,14,0,16.84,96.12,32.76,11.86,34.18
34,Caron Deerness,Female,standard,20,20,13,8.96,81.43,85.16,93.93,12.5
35,Genevieve McNiven,Female,standard,24,18,11,14.27,97.3,68.44,22.99,82.67
36,Zolly Engelbrecht,Male,standard,20,17,14,18.64,73.23,34.74,74.48,35.35
37,Siobhan Scintsbury,Female,standard,11,6,24,23.87,70.37,26.03,41.6,0.28
38,Tobin Gotthard,Male,free/reduced,22,10,23,17,87.18,64.16,46.74,64.5
39,Sande Stanlake,Female,free/reduced,21,1,0,11.18,68.99,14.32,26.13,89.45
40,Bard Redwing,Male,free/reduced,20,5,21,13.88,1.07,48.32,94.51,72.39
41,Gino Winger,Male,free/reduced,10,18,8,0.08,77.87,25.49,41.29,25.25
42,Nicki Tremathick,Female,standard,12,18,5,15.09,96.18,32.25,83.67,68.24
43,Chandler Royal,Male,standard,22,11,3,10.48,68.43,8.04,30.58,18.17
44,Christoffer Furmagier,Male,free/reduced,16,5,24,16.03,89.61,27.28,9.39,27.65
45,Lira Hourahan,Female,free/reduced,16,17,8,2.84,66.83,55.08,14.42,27.75
46,Ferrel Eisikowitz,Male,standard,21,7,14,22.43,42.66,52.49,15.24,87.63
47,Aleen Ivanyutin,Female,standard,23,20,8,16.42,45.06,85.77,60.35,25.12
48,Ralf Goford,Male,standard,21,21,18,2.45,44.28,59.1,81.28,76.43
49,Ruben Del Dello,Male,free/reduced,27,15,6,8.3,14.53,52.85,54.17,46.02
50,Jonah Smowton,Male,standard,10,0,13,7.56,68.84,71.91,55.93,90.74
51,Maridel Livesay,Female,standard,27,20,4,16.23,22.4,17.98,2.37,71.68
52,Nikolia Tovey,Female,free/reduced,15,22,24,11.85,73.98,11.63,84.14,83.74
53,Bronson Ballach,Male,standard,25,10,11,22.61,10.34,56.96,85.01,21.34
54,Zebulen Gouge,Male,standard,24,15,24,7.85,25.99,31.24,92.35,81.84
55,Gwenette Leve,Female,free/reduced,20,5,1,16.91,79.83,94.5,92.74,91.07
56,Onofredo Teffrey,Male,free/reduced,11,16,9,23.18,15.36,47.42,53.37,59.07
57,Stanislas Battie,Male,standard,25,14,21,8.62,47.11,99.48,47.36,49.84
58,Shellysheldon Sissland,Male,standard,18,18,7,9.93,66.07,2.78,38.93,76.17
59,Kandy McGahy,Female,standard,16,1,14,23.58,65.15,53.55,37.98,22.04
60,Ysabel Dugall,Female,free/reduced,14,3,22,8.09,95.85,65.92,11.63,40.63
61,Emory Dunderdale,Male,free/reduced,26,9,9,10.5,79.68,41.09,26.98,79.94
62,Danie Wisdom,Male,free/reduced,16,14,19,11.6,97.51,95.29,75.65,75.65
63,Dominique Bome,Female,free/reduced,23,3,10,18.49,80.06,70.24,85.72,69.93
64,Kingsley Gaw,Male,standard,10,9,14,19.63,55.92,10.72,28.29,98.48
65,Euell Tipper,Male,standard,10,11,3,22.86,66.41,88.63,75.24,99.64
66,Claudetta Turfin,Female,standard,29,2,23,11.64,51.45,43.69,23.62,41.34
67,Lorie Kuschel,Female,free/reduced,13,13,24,3.65,99.91,3.24,86.08,55.32
68,Lanette Pollard,Female,standard,14,21,2,14.69,30.37,9.97,39.82,99.51
69,Lonee Haw,Female,free/reduced,27,10,22,6.87,28.22,89.72,8.71,28.54
70,Susan Petrosian,Female,standard,24,9,8,18.03,86.27,59.63,93.19,91.92
71,Theresina Pleven,Female,free/reduced,11,21,20,22.72,73.81,26.48,48.27,36.63
72,Robinetta Amberg,Female,standard,27,14,23,22.31,59.04,77.43,14.17,77.43
73,Adoree Bennoe,Female,free/reduced,22,21,21,5.12,64.46,87.39,28.59,4.32
74,Hoebart Newbegin,Male,free/reduced,13,8,24,4.67,92.37,32.34,20.57,93.8
75,Lela Jiracek,Female,standard,24,0,5,23.95,45.72,78.72,95.17,99.95
76,Titus Winney,Male,free/reduced,25,13,10,1.24,83.4,10.14,19.98,13.64
77,Edmon Kendrew,Male,standard,28,9,4,11.84,79.32,58.62,36.76,96.17
78,Reinhard Syratt,Male,standard,17,19,24,6.99,0.91,30.56,33.82,16.8
79,Godfry Tubb,Male,standard,29,2,4,15.95,40.16,96.66,30.08,72.23
80,Bentley Valett,Male,standard,19,13,19,7.67,15.31,11.48,79.42,16.84
81,Jessy Tippell,Female,standard,25,12,4,1.11,9.07,9.03,3.7,30.59
82,Nestor Mustchin,Male,free/reduced,20,12,2,15.2,80.44,6.39,37.82,56.3
83,Cyndi Tschirasche,Female,free/reduced,26,11,12,23.21,34.69,25,62.38,28.13
84,Kippie Orry,Female,standard,15,11,4,8.97,21.59,57.4,20.63,40.43
85,Steffane Van De Cappelle,Female,free/reduced,18,2,12,22.62,72.33,50,47.55,52.72
86,Isaak Scowcraft,Male,standard,29,5,12,11.81,9.61,73.54,41.34,47.34
87,Donavon Roswarne,Male,free/reduced,17,7,6,16.72,65.53,17.73,3.68,72.62
88,Louisette Quig,Female,standard,16,12,2,7.8,65.57,48.12,6.97,36.99
89,Octavia Gorce,Female,standard,17,14,20,17.5,45.97,22.81,87.43,79.34
90,Gianni Jollie,Male,standard,12,23,20,2.86,20.44,83.89,46.88,27.74
91,Emerson Wyleman,Male,standard,14,23,5,7.99,19.39,3.88,96.81,97.75
92,Martin Vreiberg,Male,free/reduced,11,3,2,2.89,47.81,56.06,50.73,11.27
93,Nelle Gillingham,Female,standard,13,13,3,1.04,74.94,95.86,83.47,3.93
94,Aeriell Leinster,Female,free/reduced,21,2,20,11.4,87.93,95.52,28.5,36.12
95,Phip Thurlbourne,Male,standard,18,9,12,22.03,14.52,93.22,24.74,54.37
96,Kellby Sangar,Male,free/reduced,16,11,4,14.8,46.1,3.33,93.03,51.16
97,Tammie MacKall,Male,standard,10,20,8,11.51,65.87,32.08,85.27,95.97
98,Annadiane Klimke,Female,standard,30,3,3,19.53,88.32,94.61,70.79,67.84
99,Elvira Sowerby,Female,free/reduced,27,6,18,22.86,64.08,88.97,61.17,81.55
100,Pippa Coleridge,Female,standard,11,4,14,5.38,82.06,23.61,79.02,73.01
101,Lark Druce,Female,standard,28,9,12,2.86,73.83,12.66,64.74,93.37
102,Clare Nickoles,Male,standard,30,4,18,19.79,71.55,4.55,97.39,64.27
103,Broderick Oakwell,Male,standard,29,16,0,6.07,60.67,81.27,94.87,84.58
104,Eleen Cawdery,Female,standard,24,23,4,15.63,45.37,13.79,12.6,29.09
105,Juliana Pochet,Female,standard,29,12,19,9.71,26.56,94.09,86.93,35.99
106,Evin Satchell,Male,standard,25,11,7,1.95,58.38,4.95,37.11,72.29
107,Carey Filan,Female,standard,28,1,3,2.62,74.26,14.33,54.85,28.3
108,Francisca Reford,Female,standard,26,11,9,4.16,0.95,2.51,60.6,93.83
109,Tobie Jackling,Male,free/reduced,16,20,12,11.48,82.43,51.26,99.11,6.35
110,Husain Domotor,Male,standard,10,11,13,13.25,54.48,52.9,25.96,30.79
111,Vassili Arling,Male,free/reduced,28,5,4,8.08,35.4,60.06,90.83,68.36
112,Tessa Corteis,Female,standard,20,22,18,19.67,56.62,79.4,46.35,9.08
113,Glyn Woodyatt,Female,standard,15,10,4,11.35,50.83,8.2,51.86,95.01
114,Seward Spiaggia,Male,standard,19,6,17,9.76,70.11,86.14,50.28,27.85
115,Valdemar Lacroux,Male,standard,18,23,19,21.02,99.17,48.81,39.04,81.54
116,Diego Matteuzzi,Male,standard,15,11,18,15.59,65.95,56.32,55.18,38.13
117,Dyan Island,Female,free/reduced,28,14,19,23.83,39.13,17.55,64.69,65.92
118,Tobi Beebee,Female,standard,27,14,24,11.12,41.31,93.68,1.13,76.77
119,Lorena Axby,Female,standard,24,13,9,12.07,57.92,37.36,4.36,1.77
120,Pammie Kidby,Female,standard,16,24,9,19.02,63.89,28.47,67.09,67.18
121,Arin Yanshinov,Male,standard,30,15,9,15.88,89.38,59.74,15.27,16.04
122,Aeriel Altree,Female,standard,14,7,11,2.48,51.18,71.45,32.23,61.64
123,Tiphanie Dashkov,Female,standard,13,24,8,5.2,53.84,96.3,54.02,75.56
124,Malchy Coyle,Male,free/reduced,19,17,17,18.11,65.24,86.09,49.75,56.36
125,Tedman Crispin,Male,standard,15,1,15,12.19,84.73,35.03,37.62,47.76
126,Poppy Pressman,Female,standard,22,24,8,13.26,60.58,18.73,3.17,45.06
127,Wendi Lincke,Female,standard,14,6,4,6.23,88.6,1.45,76.71,90.85
128,Vern Downes,Male,standard,15,17,11,3.84,43.18,71.39,32.85,26.79
129,Freeland Farans,Male,standard,22,5,3,11.32,60.14,73.5,43.66,26.66
130,Lizzie Poll,Female,standard,13,20,11,11.21,1.42,28.76,68.58,71.79
131,Maighdiln Whittock,Female,standard,21,4,23,14.57,19.49,3.12,0.17,69.15
132,Emerson Shipsey,Male,free/reduced,23,8,22,8.7,59.72,36.13,78.15,68.02
133,Cyril Attock,Male,free/reduced,11,16,16,8.99,26.66,34.73,54.1,39.49
134,Mindy Rathjen,Female,standard,14,22,0,2.68,22.25,25.93,49.76,68.82
135,Asa Handrick,Male,free/reduced,29,2,1,10.31,2.7,94.69,39.1,20.2
136,Isabel Newlands,Female,standard,15,21,13,2.47,56.76,31.19,58.32,11.61
137,Shayla Picott,Female,standard,25,14,12,17.01,6.55,40.57,1.76,25.98
138,Richmond Dymond,Male,standard,14,22,16,23.14,4.46,57.47,8.43,82.29
139,Friedrich Waldram,Male,standard,17,5,9,6.37,99.19,72.67,32.76,24.74
140,Giulietta Hayles,Female,standard,26,12,1,21.09,89.94,0.79,33.48,4.59
141,Mayne Skaif,Male,standard,20,2,18,14.12,5.85,75.58,73.34,6.88
142,Zaneta Minett,Female,free/reduced,15,12,18,11.91,23.37,19.28,17.22,70.73
143,Rowena Mamwell,Female,free/reduced,24,13,8,19.42,71.71,83.18,48.27,99.27
144,Molly Walford,Female,standard,13,20,13,10.76,79.22,2.8,7.34,7.52
145,Gabby Wooton,Male,standard,10,10,22,5.45,30.17,24.75,52.01,6.03
146,Esdras Goldson,Male,free/reduced,28,13,3,21.62,52.04,83.59,39.83,10.08
147,Katrine Gutans,Female,standard,24,1,21,18.76,19.24,57.15,30.58,77.82
148,Amerigo Haslock(e),Male,free/reduced,25,8,23,15.03,44.91,3.51,81.94,6.09
149,Linea Belfit,Female,standard,27,20,7,2.31,48.31,18.45,43.08,25.2
150,Ulrike Summerfield,Female,free/reduced,12,0,2,12.33,9.09,86.01,75.2,79.88
151,Lelah Dearlove,Female,standard,21,16,2,10.14,61.27,85.95,91.78,33.56
152,Rhodia Minchenton,Female,standard,18,14,15,8.32,16.04,47.85,93.01,88.45
153,Oates Cabotto,Male,standard,26,2,13,5.01,28.01,24.5,19.06,94.03
154,Lavinie Stewartson,Female,standard,27,6,9,23.53,68.1,55.63,98.41,1.63
155,Leo Willshear,Male,standard,25,8,6,17.31,26.44,43.05,27.22,44.8
156,Dominique Guiton,Male,standard,13,21,23,16.01,21.59,18.62,10.07,61.18
157,Stormie Kippling,Female,free/reduced,16,19,13,4.85,66.59,95.08,30.44,92.34
158,Renato Goodbourn,Male,free/reduced,11,22,5,7.21,19.26,34.75,23.63,88.48
159,Kirk Batterham,Male,standard,21,13,17,16.49,94.46,39.92,60.75,71.25
160,Ellen Carse,Female,free/reduced,22,9,8,19.17,14.41,31.17,79.72,36.23
161,Maximilianus Dunklee,Male,free/reduced,24,16,12,1.33,17.5,8.13,2.76,1.01
162,Ericha Chown,Female,free/reduced,18,23,11,23.9,74.85,42.65,40.8,24.08
163,Richie Greenstock,Male,free/reduced,18,19,19,7,69.35,39.72,68.91,77.35
164,Stephenie Bourtoumieux,Female,standard,28,22,3,8.2,48.3,80.37,10.67,12.37
165,Bethanne Swin,Female,standard,13,14,10,0.4,80.12,11.22,76.96,88.5
166,Sollie Ferrar,Male,standard,25,9,2,17.64,21.01,75.46,49.4,32.96
167,Maximo Stennet,Male,free/reduced,20,18,4,8.14,32.35,69.53,7.16,71.44
168,Chrisy Impy,Male,free/reduced,17,23,8,10.52,86.36,7.42,69.24,18.73
169,Jaimie Thiem,Male,standard,18,3,7,16.98,12.24,8.47,68.51,64.27
170,Darla Golling,Female,free/reduced,23,12,8,14.06,62.51,66.07,84.18,44.41
171,Verney Mercer,Male,standard,28,1,21,18.39,93.13,3.12,50.97,9.36
172,Nanon Halfhead,Female,standard,13,7,13,8.17,73.06,53.12,68.22,93.53
173,Sutton Cullin,Male,standard,10,8,0,18.34,38.92,67.19,88.02,51.61
174,Toni Crumbie,Female,standard,30,7,18,7.49,47.79,81.21,74.2,44.7
175,Christiane Pickerin,Female,free/reduced,11,20,18,23.32,15.13,74.92,60.13,18.9
176,Dana Gillbanks,Male,standard,14,1,4,12.73,3.56,86.65,77.68,97.01
177,Janka Coghlin,Female,free/reduced,20,19,10,12.39,77.39,41.71,96.6,29.34
178,Melodie Audley,Female,standard,21,1,15,23.7,54.9,31.07,9.64,64.58
179,Bronny Pilgram,Male,free/reduced,24,9,23,10.85,90.25,99.1,24.51,29.7
180,Deirdre Stocks,Female,standard,30,12,3,13.79,39.11,91.64,69.96,15.13
181,Berkley Tamlett,Male,free/reduced,19,11,7,1.14,70.87,83.66,45.86,64.66
182,Angie Hawtrey,Female,free/reduced,14,10,2,15.05,78.33,99.59,57.32,71.56
183,Ham Di Filippo,Male,standard,22,17,1,1.43,97.74,94.66,51.49,0.85
184,Maggie Dickinson,Female,standard,24,9,6,15.96,87.08,0.98,71.51,1.09
185,Elia Clunan,Male,free/reduced,11,1,15,4.36,63.1,65.48,44.6,65.31
186,Bren Hawley,Male,free/reduced,23,22,16,21.07,38.5,94.2,28.63,47.4
187,Katee Le Houx,Female,standard,12,21,7,11.77,57.48,1.7,42.72,3.61
188,Richardo Howgate,Male,standard,24,4,18,7.38,69.44,51.09,61.25,26.68
189,Benedikt Porteous,Male,free/reduced,23,6,1,23.88,34.26,79.84,8.16,32.56
190,Carma Setford,Female,standard,21,16,22,6.85,8.75,78.71,80.99,40.91
191,Lanny Almon,Female,standard,29,16,19,14.38,45.61,47.94,57.79,79.72
192,Miner Jeffes,Male,standard,24,14,22,3.44,71.42,10.55,27.39,34.68
193,Kendal Moston,Male,standard,19,19,1,2,83,82.17,7.55,59.75
194,Coleman Aggott,Male,standard,16,20,23,6.59,82.23,36.66,31.81,42.6
195,Ursa Pedersen,Female,standard,22,22,9,8.6,12.32,93.8,87.56,3.17
196,Chic Gallard,Male,standard,20,3,6,16.09,68.19,24.2,55.04,88.54
197,Lucie Matthessen,Female,free/reduced,28,8,18,18.93,42.24,14,35.92,23.25
198,Addison Vyvyan,Male,free/reduced,25,16,14,23.5,97.04,47.45,30.36,97.16
199,Grissel Venditti,Female,free/reduced,11,2,6,0.69,16.05,38.08,44.27,20.78
200,Chrissy Meachan,Male,free/reduced,27,18,12,8.58,54.38,68.81,84.05,53.15
201,Arden Yushkov,Female,standard,28,14,18,20.49,80.46,78.31,88.19,96.65
202,Mohandis Heining,Male,free/reduced,11,18,10,6.34,44.73,65.15,91.42,42.6
203,Donna Rozet,Female,standard,15,21,9,11.96,16.62,64.98,51.31,21.34
204,Arleyne Seleway,Female,standard,18,7,6,22.21,87.55,45.59,71.55,68.5
205,Nilson Oman,Male,standard,23,18,15,5.81,29.1,28.78,28.89,74.47
206,Inesita Eatock,Female,standard,29,5,1,21.42,86.44,62.02,52.45,23.98
207,Pall Stirrip,Male,standard,17,9,11,7.31,77.97,50.81,17.04,18.38
208,Orin MacDavitt,Male,standard,15,13,4,12.24,48.87,37.46,98.93,87.38
209,Mimi Gomm,Female,free/reduced,14,6,9,7.6,30.27,86.76,84.8,34.25
210,Saunderson Normadell,Male,free/reduced,17,22,22,3.02,64.17,77.56,37.44,56.49
211,Kimmi Delacourt,Female,free/reduced,22,11,17,23.36,73.3,70.56,15.05,70.08
212,Flori MacGaughey,Female,free/reduced,18,23,7,22.36,83.21,24.55,12.27,32.26
213,Marji Cisson,Female,free/reduced,29,13,7,14.77,65.04,94.22,93.72,64.14
214,Julia Yellep,Female,free/reduced,14,7,2,19.33,35.37,68.61,29.94,16.67
215,Delmar Butten,Male,standard,30,1,20,1.59,99.89,84.21,18.18,96.1
216,Merle Robson,Female,standard,22,19,10,20.28,49.82,32.64,22.01,91.88
217,Lurline Kearton,Female,free/reduced,30,8,24,3.02,44.37,95.16,45.03,46.53
218,Kale Greenig,Male,free/reduced,23,15,21,7.1,15.2,33.47,78.43,21.67
219,Onfre Topliss,Male,free/reduced,29,19,11,2.45,15.11,86.69,49.13,41.26
220,Vittorio Goode,Male,standard,23,6,17,17.09,76.71,20.2,70.95,91.09
221,Jefferson Parke,Male,standard,12,18,11,18.3,30.03,45.04,94.55,6.33
222,Kareem Mankor,Male,standard,11,1,14,0.71,72.4,73.13,0.1,35.94
223,Yankee Schultze,Male,free/reduced,12,24,5,4.91,97.92,77.55,29.8,58.24
224,Pieter Swaysland,Male,standard,17,15,13,7.62,1.74,40.13,20.77,88.83
225,Trey Perin,Male,standard,20,17,9,1.85,26.16,28.82,80.76,59.81
226,Kareem Stancliffe,Male,free/reduced,17,5,2,7.36,95.23,40.68,49.95,83.66
227,Carmelina Gummory,Female,standard,21,22,10,18.63,16.86,95.21,50.02,70.31
228,Rodrique Grzelak,Male,standard,28,7,9,7.81,53.6,56.25,41.48,98.34
229,Jerry Peert,Male,free/reduced,28,1,6,19.59,11.14,78.19,48.62,88.18
230,Ody Von Helmholtz,Male,standard,29,9,23,7.55,16.32,10.13,11.15,67.42
231,Nanice Geroldo,Female,standard,12,20,19,18.21,58.87,19.84,93.33,10.21
232,Earle Gregorin,Male,standard,20,1,21,15.09,71.78,58.05,90.41,2.35
233,Cori Lidgely,Female,standard,20,13,14,0.27,68.07,81.07,47.34,47.92
234,Camilla Simao,Female,standard,22,5,5,7.87,43.41,82.27,97.19,86.37
235,Arnaldo Fenne,Male,standard,13,5,23,13.94,20.73,61.09,0.57,76.13
236,Aveline Babinski,Female,standard,29,24,10,6.7,95.66,33.45,21.22,56.6
237,Allys Simanenko,Female,free/reduced,10,22,1,16.32,25.93,16.05,88.97,71.14
238,Kari Myatt,Female,standard,23,2,1,7.04,59.55,94.79,6.16,0.37
239,Derward McCalum,Male,standard,30,23,19,19.26,89.96,42.84,52.96,97.35
240,Pooh Lumox,Female,standard,12,3,17,21.86,44.88,60.32,43.95,43.57
241,Godard Nice,Male,free/reduced,18,19,9,20.49,50.08,14.72,58.61,52.99
242,Lynna Have,Female,standard,19,3,6,20.42,99.22,82.07,98.47,75.73
243,Bryce Koppens,Male,standard,18,20,22,8.61,63.77,22.7,59.15,70.85
244,Carol Duding,Female,standard,25,17,13,12.89,6.3,83.45,58.59,53.41
245,Dyanna Demangeot,Female,standard,24,11,1,6.97,25.33,12.43,57.67,81.88
246,Antone Minall,Male,standard,10,18,22,2.89,43.65,94.84,73.65,2.32
247,Christalle Crawcour,Female,standard,17,5,24,11.26,91.24,22.18,20.73,1.25
248,Tallia Bentjens,Female,standard,19,3,17,2.43,72.33,96.17,35.33,13.74
249,Flori Buttwell,Female,standard,18,13,19,16.69,19.97,87.52,44.65,63.38
250,Dru Walworth,Female,standard,20,14,17,13.72,49.45,66.91,22.13,82.65
251,Bartholomeus Filimore,Male,standard,22,8,20,14.88,45.32,83.76,41.17,74.1
252,Ole Sterry,Male,free/reduced,27,10,7,1.08,79.53,59.59,96.27,96.95
253,Temp Rossbrook,Male,standard,15,2,14,2.24,87.01,36.29,60.06,92.31
254,Kali Ottewill,Female,standard,11,12,24,14.53,92.45,23.13,4.63,92.05
255,Kathlin Danilyak,Female,standard,18,2,20,0.75,39.78,30.63,15.61,7.52
256,Oriana Sparkwill,Female,standard,12,13,12,13.3,70.09,64.33,92.73,47.74
257,Boyce Jonas,Male,free/reduced,23,20,7,6.33,67.37,73.74,93.35,92.16
258,Marcos Lamputt,Male,standard,24,24,18,9.16,10.09,82.11,52.5,62
259,Cami Cairns,Female,standard,10,14,18,17.82,99.55,30.83,77.59,29.73
260,Dode De Bernardis,Female,free/reduced,18,6,18,15.06,92.59,5.48,60.76,84.12
261,Brandyn Cornish,Male,free/reduced,25,18,16,20.96,77.65,8.4,61.8,42.52
262,Kary Van der Veldt,Female,standard,19,13,10,8.57,7.32,46.98,61.37,66.35
263,Ofelia Wace,Female,free/reduced,21,10,5,6.67,64.86,28.51,97.84,99.85
264,Lucho Jay,Male,standard,23,16,23,10.42,61.51,7.19,81.79,65.66
265,Vincents Eden,Male,standard,24,13,15,20.01,56.71,42.75,49.13,59.57
266,Paule Ethington,Female,free/reduced,12,16,18,1.79,17.59,72.82,18.98,26.67
267,Randolph Demaine,Male,standard,11,16,14,0.66,79.97,88,14.86,63.11
268,Carlos Simenot,Male,standard,13,24,10,16.86,60.97,49,28.8,6.32
269,Gabie Butler-Bowdon,Male,standard,19,1,0,6.87,69.8,95.14,83.63,19.59
270,Cece Pepi,Male,free/reduced,12,22,3,7.16,34.47,90.58,30.95,82.74
271,Chris Benneyworth,Male,standard,17,8,7,15.4,67.37,28.98,4.33,25.74
272,Patrice Squibb,Male,standard,11,5,18,14.54,10.15,74.25,9.14,57.59
273,Amargo Humberston,Female,free/reduced,20,16,11,7.12,83.37,93.03,18.89,24.71
274,Normie Barstowk,Male,standard,24,20,4,21.8,96.27,45.42,28.3,60.61
275,Gabby Unitt,Male,standard,15,6,1,7.14,41.36,85,60.54,95.53
276,Yuma Molloy,Male,standard,30,11,18,5.76,20.94,98.25,90.87,16.37
277,Roxanne Dumbarton,Female,standard,15,12,14,21.62,3.87,93.75,40.98,77.2
278,Mozelle Galletly,Female,standard,30,20,11,13.73,17.36,72.95,74.78,1.05
279,Ange Rubenczyk,Female,free/reduced,23,18,0,21.96,15.25,74.22,6.22,62.01
280,Ernie Qusklay,Male,free/reduced,27,20,24,15.01,8.57,98.47,70.24,91.84
281,Ricard Baytrop,Male,standard,10,7,20,5.01,35,23.32,83.35,46.41
282,Job Renehan,Male,standard,28,3,15,21.81,27.38,52.54,42.97,36.44
283,Dru Fallon,Female,free/reduced,10,16,5,11.75,17.38,53.94,23.82,17.75
284,Fin Stolting,Male,free/reduced,24,6,4,22.89,22.72,54.43,68.65,85.31
285,Arnuad Palfreyman,Male,standard,27,12,0,21.04,99.52,21.78,94.96,84.61
286,Aloin Mertel,Male,standard,28,19,11,12.8,38.43,48.28,45.96,98.24
287,Gracie McGourty,Female,standard,17,5,17,3.78,78.66,96.73,43.85,68.45
288,Goldi Heitz,Female,standard,24,22,9,16.55,91.83,69.59,46.41,68.09
289,Justis Obee,Male,free/reduced,19,13,19,6.27,16.99,12.46,32.29,79.64
290,Arron Alliberton,Male,standard,13,17,21,14.37,78.23,78.55,65.13,24.17
291,Fabe Boik,Male,standard,11,11,2,2.22,6.99,54.14,65.82,46.69
292,Fania Sprowles,Female,standard,25,20,21,20.87,59.73,1.72,78.4,5.82
293,Paulette Watkiss,Female,standard,10,17,23,14.35,12.9,5.49,9.7,96.72
294,Melamie Rupert,Female,standard,19,22,2,13.05,47.69,89.05,46.33,1.92
295,Loralie Malby,Female,free/reduced,10,8,23,0.43,88.59,64.56,69.42,91.4
296,Maggie Jancey,Female,free/reduced,21,6,10,18.92,28.84,33.58,48.51,57.16
297,Christine Paviour,Female,standard,13,20,7,21.33,8.9,90.39,52.71,37.6
298,Melinde Stansfield,Female,standard,15,18,15,14.58,18.18,20.65,20.88,1.3
299,Ludwig Habbon,Male,free/reduced,17,11,23,13.42,2.01,49.52,57.19,66.89
300,Arch Castanaga,Male,free/reduced,23,20,7,23.92,80.53,79.91,72.23,0.57
301,Brigitte Insole,Female,free/reduced,28,9,16,9.16,85.91,52.34,70.45,3.52
302,Gardy Decreuze,Male,free/reduced,29,12,19,18.4,61.18,65.82,4.08,32.03
303,Devlin Kloss,Male,standard,11,13,11,19.67,15.34,95.01,42.26,74.83
304,Anjanette Josefer,Female,standard,14,9,15,7.44,75.14,82.43,91.41,97.66
305,Holden Ghelardi,Male,standard,11,2,4,2.46,42.34,89.03,93.46,7.23
306,Bibbie Trevallion,Female,standard,13,8,20,5.86,62.26,61.77,98.5,14.46
307,Cristina Gladwell,Female,standard,14,12,8,22.17,63.05,22.3,74.41,29.8
308,Minette Dohmann,Female,standard,21,7,13,23.91,4.18,18.76,78.34,91.77
309,Allison Butterly,Female,free/reduced,29,13,22,7.42,46.14,3.3,64.06,41.28
310,Gwenni Giorgioni,Female,free/reduced,25,22,3,9.46,86.77,61.73,92.13,27.22
311,Sande Varvara,Female,standard,12,22,9,17.06,55.99,33.62,99.81,82.84
312,Valma Boyat,Female,standard,17,7,20,5.9,74.71,74.02,72.77,99.05
313,Amata Stiling,Female,standard,10,12,22,17.45,58.6,9.09,31.81,49.22
314,Myrwyn Currao,Male,free/reduced,30,11,5,3.66,94.56,50.43,64.21,62.92
315,Fidela Walas,Female,standard,11,0,8,16.75,0.9,19.74,38.28,75.21
316,Corney Drinnan,Male,standard,25,24,6,14.31,46.49,65.53,18.18,19.91
317,Philbert Blance,Male,standard,25,18,0,11.6,95.63,39.67,47.54,23.33
318,Chrissy Bertl,Male,standard,24,19,22,20.18,31.57,35.55,38.87,42.11
319,Guinna Ingraham,Female,standard,24,2,21,10.15,48.84,40.77,76.28,10.63
320,Reginald Sprionghall,Male,free/reduced,12,1,2,5.43,62.5,42.65,23.88,30.57
321,Carey Haddleston,Male,free/reduced,18,17,13,9.21,18.78,49.33,11.31,6.04
322,Sallee Nickols,Female,standard,25,14,20,10.68,35.22,85.04,74.58,15.53
323,Laverne Deverill,Female,standard,16,8,2,8.18,1.3,80.4,39.98,65.66
324,Berkeley Duffet,Male,free/reduced,26,4,16,20.14,16.65,44.66,21.17,13.78
325,Phaedra Van de Castele,Female,free/reduced,18,14,18,22.37,15.91,66.71,28.48,32.69
326,Kamilah Jeannaud,Female,standard,10,9,6,21.52,44.11,75.29,88.03,78.89
327,Norah Fedorski,Female,standard,25,1,12,15.92,78.36,39.59,46.57,41.57
328,Riobard Blaschek,Male,free/reduced,30,8,2,6.84,40.6,27.46,12.79,11.65
329,Dolorita Verrills,Female,standard,14,5,7,22.64,9.73,17.22,73.55,69.45
330,Sansone Beirne,Male,standard,30,14,10,0.28,66.81,18.38,5.85,10.54
331,Jolee Olner,Female,standard,30,3,9,14.61,68.44,46.18,46.74,81.93
332,Ali Americi,Male,standard,30,4,22,16.17,87.53,50.92,64.94,36.32
333,Yankee Wehden,Male,standard,14,21,17,21.7,81.59,39.2,41.1,91.49
334,Ariela Kick,Female,standard,16,20,16,17.86,65.37,48.6,52.87,53.71
335,Kanya Wisniowski,Female,standard,23,15,10,9.7,27.47,25.24,91.18,58.77
336,Gwyneth Dudlestone,Female,free/reduced,13,10,14,22.56,30.2,85.41,72.62,0.17
337,Dorrie Blundell,Female,standard,23,3,10,21.96,5.79,70.6,5.06,60.6
338,Griswold Buckleigh,Male,standard,15,8,16,1.21,6.1,74.39,87.03,92.56
339,Merrilee Cuncliffe,Female,free/reduced,26,21,8,3.18,12.01,87.23,61.38,97.82
340,Hubie Cescotti,Male,free/reduced,22,21,24,3.49,3.1,81.44,9.07,48.34
341,Garwin Targetter,Male,free/reduced,18,6,7,6.55,24.97,25.15,74.03,88.18
342,Tyrone Mountjoy,Male,standard,20,23,1,22.64,71.21,23.49,97.18,71.77
343,Karlen Furness,Female,standard,13,22,5,14.66,69,26.99,46.55,45.66
344,Krystal Warmington,Female,standard,21,6,23,13.48,47.58,81.21,32.61,44.19
345,Krissie Maxted,Female,standard,22,12,20,23.54,31.43,61.05,47.7,37.93
346,Danielle Awty,Female,standard,25,8,12,13.78,20.34,80.42,81.66,31.2
347,Catharine Goldstraw,Female,standard,24,9,21,20.68,60.29,66.79,67.41,75.71
348,Dante Deeble,Male,standard,24,18,14,6.73,92.41,79.83,12.45,60.25
349,Oona Bore,Female,free/reduced,24,1,12,7.53,63.35,54.48,89.26,74.55
350,Pedro Zanneli,Male,standard,15,2,12,19,80.93,71.75,77.35,1.36
351,Shelagh Carr,Female,standard,16,4,22,18.65,13.09,95.48,61.68,31.1
352,Freida Laugharne,Female,standard,15,18,18,8.25,73.46,76.35,63.28,45.54
353,Sigvard Bartzen,Male,standard,25,0,22,4.78,56.53,6.85,83.49,13.43
354,Lorita Burnapp,Female,standard,17,2,5,5.86,94.02,59.47,33.12,35.03
355,Danica Loddon,Female,standard,17,9,23,0.12,24.93,2.78,57.69,84
356,Cindra Pickup,Female,standard,27,10,10,10.74,91.18,64.45,38.89,16.11
357,Abbi Iredale,Female,standard,28,19,5,14.34,53.66,65.08,98.52,31.84
358,Russell Whillock,Male,free/reduced,20,24,24,12.47,96.71,29.75,32.96,85.07
359,Retha Bordessa,Female,free/reduced,24,1,14,11.32,36.41,71.01,35.52,78.01
360,Annis Demageard,Female,standard,12,10,1,6.21,25.84,25.17,19.96,36.17
361,Guillema Collings,Female,standard,18,15,4,7.76,62.08,35.61,74.81,3.66
362,Latisha Hiddy,Female,standard,13,21,7,2.8,34.14,64.35,41.91,80.46
363,Witty Anneslie,Male,standard,19,18,11,23.04,42.3,72.76,26.05,26.94
364,Allyce Josofovitz,Female,free/reduced,21,19,18,20.75,12.8,69.78,34.03,69.57
365,Shaylah Marsland,Female,standard,13,6,15,8.7,61.01,92.97,73.16,82.83
366,Dixie Dickson,Female,free/reduced,24,18,14,9.13,64.79,71.94,93.52,65.83
367,Oliy Riggott,Female,standard,27,7,8,14.95,46.17,8.13,90.32,75.21
368,Matthiew Latham,Male,free/reduced,11,0,19,5.29,36.01,82.21,66.17,18.44
369,Yankee Looks,Male,free/reduced,29,18,6,14.98,1.15,33.6,20.23,94.22
370,Celene Angeli,Female,standard,17,3,1,17.8,56.2,51.58,36.3,67.67
371,Tim Tosspell,Male,standard,30,6,10,5.19,19.09,12.13,77.73,94.37
372,Jobie Covert,Female,free/reduced,21,17,3,8.47,1.04,5.39,16.45,79.89
373,Sosanna Derry,Female,standard,18,10,18,23.76,10.02,56.12,82.49,75.16
374,Tadeas Lemarie,Male,standard,22,0,3,7.84,70.66,32.33,75.26,50.01
375,Hugo Cockshoot,Male,standard,27,17,16,8.31,14.01,12.48,31.69,8.01
376,Alysia Jorge,Female,free/reduced,14,14,6,10.24,4.32,97.22,22.33,87.05
377,Dredi Reditt,Female,standard,17,0,17,5.74,16.21,22.01,69.47,78.94
378,Hazel Pruckner,Male,free/reduced,18,18,6,17.34,94.62,93.43,72.64,24.2
379,Roberto Hofton,Male,standard,27,14,10,4.45,9.01,66.71,30.91,1.74
380,Cherida Herley,Female,standard,18,23,7,16.93,39.12,78.19,74.51,14.67
381,Roshelle Roycraft,Female,standard,22,24,1,0.8,3.19,35.89,96.98,83.11
382,Elisha Cambden,Female,standard,10,9,6,3.65,89.91,12.61,56.27,56.09
383,Orlan Christoforou,Male,free/reduced,16,1,22,22.57,72.46,64.51,19.03,18.72
384,Zita Wakefield,Female,free/reduced,20,12,1,4.05,81.73,1.2,78.73,29.65
385,Amara Lynn,Female,free/reduced,13,14,5,13.88,52.11,88.53,7.78,42.1
386,Kori Borsnall,Female,standard,28,24,22,14.18,70.1,76.87,71.07,68.66
387,Tracey Ferreira,Male,standard,25,16,23,1.25,86.98,39.58,37.64,46.93
388,Florance Nollet,Female,free/reduced,14,19,8,22.32,95.47,80.56,3.72,19.7
389,Ric Toderbrugge,Male,standard,18,12,5,23.35,4.48,21.05,66.35,0.03
390,Gale Arton,Male,standard,28,6,2,8.16,13.19,50.45,55.3,11.12
391,Samara Harrisson,Female,free/reduced,22,22,0,4.83,33.22,69.09,46.66,47.06
392,Rafaelita Walthall,Female,standard,12,4,3,6.03,29.46,96.7,95.09,24.78
393,Arvy Pickrell,Male,standard,10,5,21,21.04,12.52,6.34,81.82,84.17
394,Madelon Skeat,Female,standard,10,21,22,1.42,51.01,75.07,61,34.86
395,Edmon Yter,Male,standard,24,13,7,13.04,27.1,53.76,96.17,9.37
396,Davie Sherrell,Male,free/reduced,13,10,14,13.45,71.47,97.07,22.55,10.14
397,Dania Deguara,Female,free/reduced,16,18,22,8.67,37.78,62.44,38.33,4.64
398,Sybyl Salzburger,Female,standard,27,13,10,20.85,51.09,20.98,85.42,53.6
399,Enid Pentecost,Female,standard,28,19,24,12.81,40.83,29.49,29.63,80.13
400,Tad Seller,Male,standard,25,21,15,23.05,73.2,16.63,85.24,8.95
401,Josefa Burleigh,Female,standard,20,2,6,10.25,25.56,70.48,99.56,82.67
402,Jemmie Josef,Female,standard,19,10,21,18.72,14.34,62.04,34.37,44.06
403,Teddie Shipman,Female,free/reduced,19,22,1,21.49,30.16,33.22,26.78,50.21
404,Dorene Sexti,Female,standard,19,22,13,22.28,53.76,21.09,54.06,15.55
405,Mervin Bread,Male,standard,18,12,9,17.03,95.06,6.57,26.56,17.47
406,Annalise Gainfort,Female,standard,27,13,7,18.16,96.72,87.47,46.72,79.65
407,Greggory Headey,Male,standard,20,13,1,8.3,96.28,20.8,63.5,36.36
408,Alyssa Songist,Female,standard,15,5,19,20.39,12.47,84.01,11.55,87.32
409,Dominik Blaszczynski,Male,free/reduced,12,6,20,12.27,2.34,86.52,18.57,19.18
410,Mohandas Broxap,Male,standard,21,16,19,22.11,54.97,39.41,23.68,39.04
411,Drew Thurgood,Male,standard,16,22,6,1.13,9.95,29.72,87.47,0.5
412,Zachariah Cadding,Male,standard,22,13,23,17.4,18.58,49.13,57.05,52.15
413,Ardene Anderton,Female,standard,13,20,23,15.3,5.6,97.45,90.63,2.74
414,Goldy Crippell,Female,standard,14,21,23,19.76,81.86,9.88,0.36,86.36
415,Nefen Simonini,Male,free/reduced,26,9,15,20.09,8.28,80.88,78.82,60.04
416,Ferdinande Barkess,Female,standard,25,8,16,12.34,85.38,45.96,39.29,11.77
417,Marius Medendorp,Male,standard,24,14,14,15.18,19.51,23.49,23.03,83.67
418,Sonnie Scurrer,Male,standard,30,5,14,8.99,58.4,78.37,14.72,70.12
419,Amby Hailston,Male,standard,18,19,3,15.68,24.39,67.03,2.25,77.54
420,Worth Carson,Male,free/reduced,11,24,20,20.27,49.22,79.96,91.56,75.59
421,Claribel Gilfoyle,Female,free/reduced,18,6,3,5.26,21.34,71.81,83.76,52.31
422,Veronique Shilston,Female,standard,28,4,10,20.32,34.07,48.86,32.92,68.73
423,Tannie Bock,Male,free/reduced,11,15,7,1.95,66.63,77.32,58.35,16.39
424,Joseito Zack,Male,standard,22,10,24,23.54,3.62,52.23,23.42,27.89
425,Bearnard Burns,Male,free/reduced,22,17,13,17.08,5.21,22.2,28.94,83.55
426,Eveline Womersley,Female,free/reduced,20,22,20,11.77,22.97,9.04,41.55,55.76
427,Iago Roj,Male,standard,24,18,9,9.2,6.12,85.56,81.21,62.38
428,Syd Padly,Male,free/reduced,23,6,12,18.02,69.55,20.66,82.61,26.59
429,Bruce Light,Male,free/reduced,23,19,5,0.52,72.85,68.72,4.81,43.66
430,Marguerite Scurrey,Female,free/reduced,30,20,23,14.6,22.75,84.8,78.76,18.01
431,Jakie Stearley,Male,free/reduced,10,5,21,16.63,6.77,70.86,20.12,16.86
432,Joli Dearnaley,Female,standard,13,7,19,12.23,29.15,18.11,88.92,43.66
433,Franni Hasluck,Female,standard,22,0,9,4.26,28.92,2.51,38.86,1.49
434,Amble Catchpole,Male,free/reduced,14,15,5,19.14,59.26,37.18,23.49,70.51
435,Lorette Dwerryhouse,Female,standard,29,21,17,19.32,28.09,95.95,82.35,45.64
436,Melisenda Ropars,Female,free/reduced,29,14,20,20.41,14.4,75.77,60.76,42.83
437,Heath Belsham,Male,standard,22,12,8,22.51,20.86,43.19,35.51,32.4
438,Aldrich Heild,Male,free/reduced,29,3,21,3.5,71.64,79.61,79.99,16.07
439,Harlin Glanert,Male,standard,22,9,8,7.56,17.41,7.41,51.57,7.52
440,Tobye Graybeal,Female,standard,26,9,13,4,91.44,84.54,84.32,80.02
441,Marlin Wigan,Male,standard,11,17,1,11,7.17,47.16,52.74,56.43
442,Nadeen Stritton,Female,standard,30,19,21,15.06,61.22,89,45.04,4.45
443,Drusilla Lavarack,Female,free/reduced,16,21,23,1.25,28.33,45.37,59.77,44.6
444,Anthia Abramzon,Female,standard,27,0,14,8.94,41.9,56.85,74.05,0.27
445,Sonja Shier,Female,free/reduced,21,4,1,21.33,19.81,99.48,46.84,15.21
446,Avery Aers,Male,standard,29,9,24,12.33,6.42,88.28,73.08,52.62
447,Jedediah Wellen,Male,free/reduced,22,13,1,13.78,1.49,3.25,17.26,64.01
448,Kelwin Ingley,Male,standard,15,7,23,1.19,82.73,4.04,94.52,91.37
449,Malena Clee,Female,standard,21,19,10,1.81,4.81,68.83,34.33,19.31
450,Selia Glyssanne,Female,standard,17,9,4,13.52,80.43,4.39,9.85,28.07
451,Cozmo Gunther,Male,free/reduced,12,6,18,16.84,83.97,28.44,27.17,4.16
452,Nathanil Ryland,Male,standard,26,1,16,2.06,78.77,88.41,1.8,41.62
453,Davide Jaquemar,Male,free/reduced,13,22,6,10.25,79.02,69.64,84.07,39.53
454,Reeva Crease,Female,free/reduced,18,4,22,22.79,81.53,44.84,39.34,62.68
455,Mattias Ragge,Male,free/reduced,19,5,6,15.75,67.04,34.61,74.08,33.58
456,Noami Hellewell,Female,free/reduced,25,23,15,19.16,47.86,8.69,60.75,78.92
457,Nancy Booij,Female,standard,12,1,4,15.67,60.63,88.08,42.37,62.16
458,Casey Rosbotham,Male,free/reduced,10,2,19,23.78,72.47,61.13,41.47,66.98
459,Harland Magson,Male,standard,29,24,19,20.57,33.61,34.61,57.02,11.5
460,Christan Pate,Female,standard,25,18,9,15.72,49.76,68.17,5.12,11.92
461,Adriane Jiles,Female,free/reduced,30,20,15,22.22,60.68,7.89,49.43,93.8
462,Laurie Abbis,Male,free/reduced,15,1,6,12.31,16.11,9.01,91.99,76.96
463,Dot Seely,Female,standard,15,7,7,19.53,26.88,78.73,2.16,68.77
464,Branden Nyles,Male,free/reduced,14,13,9,18.42,90.44,81.03,36.95,7.86
465,Yovonnda Embra,Female,standard,18,2,6,18.2,18.34,10.21,94.53,60.74
466,Babs Fullom,Female,standard,21,9,3,23.65,43.67,17.59,81.91,40.96
467,Tobit Freiburger,Male,free/reduced,10,12,6,22.11,24.46,24.69,77.21,8.13
468,Yancy Gillson,Male,free/reduced,10,14,10,4.43,77.57,93.94,20.59,79.03
469,Kleon Kelloway,Male,free/reduced,20,16,6,7.51,9.64,29.3,79.8,1.5
470,Burlie Francescoccio,Male,standard,13,5,24,11.97,67.12,97.23,28.24,78.21
471,Vivyan Simonich,Female,standard,10,23,13,15.03,12.49,27.47,66.53,18.27
472,Jeremy Rahl,Male,standard,10,6,6,15.58,24.49,75.65,93.05,43.9
473,Martyn Hamil,Male,standard,10,11,22,6.17,62.74,4.4,54.48,85.17
474,Jeana McNair,Female,standard,17,20,17,23.96,46.85,43.91,77.27,25.68
475,Katrinka Constantinou,Female,standard,14,21,12,19.22,51,88.92,88.09,10.45
476,Olivier Allardyce,Male,standard,18,6,14,20.29,52.53,25.07,90.15,48.15
477,Sibyl Kincaid,Male,standard,24,2,14,3.79,38.21,48.7,19.62,50.04
478,Norby Bessey,Male,standard,15,17,13,17.27,78.6,84.15,84.93,36.34
479,Ganny Southcott,Male,standard,26,2,24,9.53,33.28,9.72,0.86,34.37
480,Eadith Crimmins,Female,standard,28,24,16,4.91,34.79,11.26,19.46,11.21
481,Bridgette Coltherd,Female,standard,30,20,21,22.44,76.45,92.7,57.32,64.49
482,Joela Flintuff,Female,free/reduced,25,8,19,12.98,37.16,33.27,94.77,22.03
483,Missy Spatarul,Female,free/reduced,23,6,15,2.76,4.84,35.92,45.12,15.02
484,Laurena Haigh,Female,standard,13,12,16,1.26,71.05,28.9,40.46,23.56
485,Addi Gynne,Female,standard,27,9,8,21.26,85.46,81.38,20.05,78.17
486,Gare Ferson,Male,standard,27,1,3,16.06,28.47,7.22,67.77,21.31
487,Cirstoforo Hauck,Male,free/reduced,24,10,21,21.53,69.11,56.41,70.1,9.52
488,Gasper Topling,Male,free/reduced,27,23,20,12.35,70.78,35.83,19.46,16.07
489,James Dudeney,Male,standard,22,14,6,3.35,21.48,22.18,1.47,58.17
490,Glyn Addy,Female,free/reduced,14,10,24,10.21,69.99,41.96,68.59,82.68
491,Bobinette Cornils,Female,free/reduced,18,13,15,1.72,99.54,32.45,53.48,21.67
492,Mercie Assandri,Female,standard,14,7,22,9.94,54.21,21.4,54.78,41.59
493,Dale Sibbson,Male,standard,19,5,0,16.69,14.55,90.75,21.22,20.13
494,Kale Enric,Male,standard,14,5,20,0.01,49.36,80.73,51.24,60.16
495,Hugo Shovlar,Male,standard,22,11,0,22.53,73.08,60,10.25,45.83
496,Jimmie Eliet,Male,standard,27,15,7,13.77,24.79,77.8,3.53,13.21
497,Elaine Becraft,Female,standard,26,14,18,15.12,20.57,29.85,39.92,61.47
498,Joana Oller,Female,free/reduced,11,13,22,4.62,22.43,35.58,87.2,78.1
499,Michelle Clarage,Female,standard,14,9,11,22.83,12.65,37.77,79.08,0.86
500,Gabby Menchenton,Male,standard,11,13,17,15.05,69.99,95.6,89,12.93
501,Rollie Lob,Male,standard,27,5,4,0.92,10.77,41.06,65.71,80.76
502,Ashla Karpfen,Female,standard,11,1,11,4.66,52.63,10.41,86.43,65.26
503,Kevan Iacovolo,Male,free/reduced,14,14,20,3.41,35.02,69.4,95.97,71.32
504,Lyda Higgoe,Female,standard,27,9,12,16.42,97.65,84.44,62.72,88.61
505,Leanora Steger,Female,free/reduced,15,12,21,13.12,86.96,64.44,15.9,59.05
506,Maryanna Vann,Female,standard,10,21,9,22.96,66.21,12.92,3.59,8.91
507,Ax Mucklestone,Male,standard,25,11,2,5.03,16.27,10.47,82.36,49.12
508,Catrina Rickard,Female,free/reduced,30,20,9,23.75,26.06,50.82,83.65,73.81
509,Werner Zanardii,Male,standard,21,12,1,1.49,84.2,96.21,50.26,21.79
510,Orren Hambelton,Male,standard,12,10,4,6.71,63.76,10.24,32.16,23.84
511,Carlin Hardwick,Female,standard,26,21,16,21.44,84.49,68.58,29,92.73
512,Mathew Landreth,Male,standard,14,7,21,16.71,8.65,27.76,36.85,30.01
513,Harley Toope,Female,free/reduced,10,6,8,19.6,57.27,47.92,28.9,54.72
514,Monro O'Hanlon,Male,standard,23,11,8,13.32,94.27,3.36,10.07,20.7
515,Marianna Brou,Female,free/reduced,16,13,8,8.27,41.09,30.91,32.06,83.91
516,Kanya Limming,Female,standard,29,19,9,21.68,28.6,8,69.86,86.47
517,Brigg Eastman,Male,standard,27,13,15,15.88,18.57,69.54,43.92,33.41
518,Garek Oddey,Male,standard,16,3,14,12.28,85.03,10.81,16.61,18.68
519,Tabitha Rowbrey,Female,standard,26,23,4,12.1,65.6,77.47,31.89,16.78
520,Whitman Caspell,Male,free/reduced,23,2,8,8.9,12.88,14.63,40.98,51.92
521,Marylee Kimm,Female,standard,13,2,14,5.32,44.68,21.8,49.45,74.64
522,Devi Robeiro,Female,standard,20,16,16,20.69,59.13,53.42,98.56,25.56
523,Jakie Attwoul,Male,standard,15,9,15,7.32,33.02,18.35,5.72,71.24
524,Joel Forseith,Male,free/reduced,22,13,17,7.34,39.95,84.38,77.24,17.69
525,Jayme McFaul,Male,standard,12,4,0,16.51,90.9,12.42,26.77,8.92
526,Rica Etuck,Female,standard,16,21,24,6.54,24.48,99.25,92.11,83.35
527,Nicola Lillecrap,Female,free/reduced,20,5,24,16.45,32.75,57.21,72.9,12.81
528,Aidan Allot,Female,free/reduced,22,15,2,1.24,50.31,28.71,96.68,77.82
529,Ree Kightly,Female,free/reduced,21,22,16,3.73,42.96,87.14,91.82,30.85
530,Haleigh Stanfield,Female,standard,16,0,3,5.08,44.53,10.09,58.7,58.04
531,Malorie Mouget,Female,standard,28,5,14,16.21,60.27,50.11,74.87,5.01
532,Ilyssa Billiard,Female,standard,21,7,8,14.6,77.22,44.52,74.08,78.68
533,Caresa Chellam,Female,standard,26,7,4,22.91,16.7,56.27,71.89,70.79
534,Gayleen Cosins,Female,standard,24,17,6,9.82,98.4,5.26,35.84,15.67
535,Madalyn Ferreira,Female,standard,29,2,23,7.32,33.22,53.57,49.33,52.52
536,Ambrosius Brightwell,Male,free/reduced,24,4,13,16.1,5.76,71.45,64.55,31.54
537,Wayland Gartan,Male,standard,12,19,9,13.73,51.79,81.41,32.53,24.67
538,Huey Morrison,Male,standard,17,17,22,7.65,4.88,1.54,3.36,6.98
539,Corinne Geggus,Female,standard,16,24,8,22.65,58.88,17.91,56.51,36.5
540,Royce Stillwell,Male,standard,14,3,21,21.23,38.4,46.02,76.24,76.32
541,Packston Matissoff,Male,standard,27,12,19,18.82,39.66,94.84,38.47,50.16
542,Dannie Vignaux,Male,free/reduced,29,5,0,16.35,36.32,37.27,10.11,87.33
543,Fraser Pay,Male,standard,30,12,11,16.22,97.93,98.24,0.52,68.26
544,Erminia Willingam,Female,standard,28,7,8,10.67,50.74,10.41,35.82,15
545,Joanne Aylott,Female,standard,10,17,15,12.2,88.5,58.96,95.92,72.82
546,Nikolas Forde,Male,free/reduced,21,12,15,0.22,54.39,13.58,69.15,86.89
547,Farrand Inchbald,Female,standard,29,11,18,11.88,7.97,40.5,63.76,83.9
548,Gwenneth Sambidge,Female,standard,30,13,10,19.04,69.22,5.44,39.31,46.86
549,Stephenie Wabey,Female,free/reduced,14,19,6,3.9,31.83,69.42,75.04,6.92
550,Abby Friary,Female,standard,19,8,16,13.32,48.22,50.73,22.54,0.07
551,Madella Ygoe,Female,free/reduced,25,2,17,15.49,4.75,19.7,83.81,9.54
552,Justen Dunston,Male,free/reduced,12,3,9,10.46,53.52,96.64,93.34,43.37
553,Stafford Boseley,Male,standard,29,17,2,11.75,85.81,2.89,13.45,55.53
554,Arnold Lasty,Male,free/reduced,26,10,8,0.42,57.59,94.58,9.47,19.88
555,Emmery Roalfe,Male,standard,22,8,5,16.53,80.77,13.76,15.65,48.65
556,Katlin Gorman,Female,free/reduced,23,12,23,19.9,67.73,34.95,64.2,39.5
557,Cristian Kalberer,Male,standard,12,1,17,13.48,85.95,60.14,41.21,8.54
558,Cynde Tonkes,Female,free/reduced,10,9,9,14.8,69.72,52.85,63.56,55.13
559,Romonda Bury,Female,free/reduced,29,10,16,11.95,49.14,79.4,36.08,19.88
560,Annabelle Elcum,Female,standard,26,9,13,6.83,0.54,94.43,33.05,25.96
561,Mercy Bufton,Female,standard,25,11,6,23.69,58.72,7.34,62.71,74.39
562,Reese Dellenbrook,Male,standard,17,5,20,8.67,98.46,84.2,19.01,55.64
563,Jemimah Fateley,Female,standard,17,21,19,19.63,5.88,72.3,86.41,45.55
564,Baxy Clothier,Male,free/reduced,23,22,20,2.78,27.74,24.07,79.32,43.47
565,Gal Christofle,Male,free/reduced,29,14,12,21.7,93.51,32.36,27.5,37.18
566,Nicky Dillamore,Male,standard,27,19,24,5.16,11.16,32.69,15.21,83.5
567,Chantalle Haining,Female,free/reduced,25,20,19,2.53,3.26,92.3,3.35,65.18
568,Steffen Blindermann,Male,free/reduced,27,12,14,11.93,94.94,14.65,23.99,91.68
569,Cyrille Adamkiewicz,Male,free/reduced,25,19,6,14.05,10.43,68.22,66.26,49.73
570,Andrea Swadlinge,Female,free/reduced,26,14,11,8.27,63.4,38.56,79.9,45.6
571,Cosimo Kobierzycki,Male,standard,20,10,2,1.71,53.38,22.97,80.19,11.17
572,Rupert Stamps,Male,standard,18,16,16,2.99,38.23,45.99,42.12,45.82
573,Frasco Cluelow,Male,standard,28,4,5,8.25,88.63,47.89,68.85,67.21
574,Vanessa Jessep,Female,free/reduced,28,10,2,9.85,62.85,97.65,35.34,25.04
575,Sigismond Huett,Male,standard,25,4,4,14.11,18.25,91.48,16.3,12.77
576,Lisa Killingback,Female,free/reduced,28,24,3,22.82,5.63,93.23,99.96,1.3
577,Venita Venus,Female,standard,13,17,7,16.72,64.67,53.66,8.97,21.06
578,Darcey Mercey,Female,standard,28,13,5,17.81,61.68,47.07,28.64,67.87
579,Ab Cundy,Male,free/reduced,24,23,24,9.73,22.89,97.33,18.64,50.3
580,Marysa Starrs,Female,standard,29,13,11,11.4,67.57,15.1,46.16,28.55
581,Alford Barthram,Male,standard,28,17,6,10.37,48.18,2.48,63.81,67.97
582,Marley Astupenas,Female,standard,16,24,1,11.66,85.97,76.15,58.16,99.26
583,Petronella Brattan,Female,free/reduced,27,1,3,16.46,12.92,61.67,68.57,45.25
584,Woodrow Duddell,Male,standard,29,10,5,10.07,0.84,61.7,71.95,56.92
585,Catherin Van Hove,Female,standard,24,0,18,17.82,38.57,60.61,57.82,55.74
586,Michale Eckly,Male,standard,27,0,24,8.92,26.77,99.12,16.77,75.76
587,Alethea Crisp,Female,standard,18,17,22,1.93,62.49,23.32,9.88,65.19
588,Kalil Gill,Male,free/reduced,29,14,20,0.57,98.44,62.54,2.1,29.65
589,Rivkah Parratt,Female,standard,24,16,14,14.34,50.59,87.33,24.48,33.44
590,Claiborn Ghilardini,Male,standard,26,16,22,4.15,78.12,4.81,31.86,6.43
591,Mahala Perrygo,Female,free/reduced,15,11,7,16.76,99.05,46.82,76.38,46.86
592,Eleen McGaw,Female,standard,23,23,20,19.39,77.73,45.59,40.37,54.31
593,Petey Boyford,Male,standard,28,6,12,10.56,40.33,20.73,71.07,68.52
594,Fonz Goodlife,Male,standard,18,2,3,15.25,67.51,52.08,35.39,27.87
595,Lavinia Barkess,Female,standard,30,7,14,22.26,56.94,6.57,89.88,91.52
596,Coral Gronav,Female,standard,25,4,23,14.7,36.16,69.7,42.2,57.56
597,Kordula Harkin,Female,free/reduced,29,3,12,16.41,17.03,39.89,75.96,94.25
598,Yank Kamen,Male,standard,26,24,21,21.38,66.29,61.88,17.56,22.56
599,Duane Badsey,Male,standard,26,0,21,15.57,27.92,43.26,38.78,43.07
600,Rebe Albutt,Female,standard,10,14,20,17.42,47.68,24.43,37.35,88.53
601,Vitoria Alfonsetti,Female,standard,24,15,16,17.55,40.38,38.89,26.5,25.54
602,Hi Ruffey,Male,standard,23,16,21,2.13,98.78,44.53,55.2,8.81
603,Lola Hickinbottom,Female,standard,12,12,6,0.07,94.57,65.87,30.89,74.77
604,Lauretta Frail,Female,free/reduced,20,22,6,11.01,57.15,8.03,32.94,79.26
605,Jeromy Dionsetti,Male,free/reduced,12,13,13,15.35,32.23,0.57,30.19,81.08
606,Cameron Linge,Male,standard,19,13,15,17.37,97.59,50.51,38.88,74.81
607,Matilda Fiander,Female,standard,19,9,12,17.81,14.69,71.64,41,12.45
608,Ashlan Lodden,Female,free/reduced,22,4,11,4.04,89.67,54.66,89.81,36.55
609,Terrel Merrill,Male,standard,30,1,8,3.03,45.99,40.34,32.29,21.69
610,Leshia Crankhorn,Female,standard,17,15,5,4.22,17.73,89.56,39.03,79.82
611,Brigitte Buesden,Female,free/reduced,28,5,4,18.97,51.17,55.52,24.72,88.44
612,Bengt Brindle,Male,standard,19,17,18,14.66,71.44,30.26,65.09,31.96
613,Clair Beggan,Male,standard,29,12,4,18.01,35.43,18.92,78.26,17.26
614,Pierce Castagna,Male,standard,10,5,22,15.81,76.76,46.89,93.85,42.61
615,Lona Flavelle,Female,standard,30,3,17,3.27,98.37,84.3,12.51,21.81
616,Desdemona Mocquer,Female,standard,20,14,3,17.06,68.57,31.78,14.68,7.09
617,Anabella Payze,Female,standard,27,6,21,2.3,20.27,16.32,64.35,79.42
618,Laurie Pigram,Male,standard,20,24,18,10.78,53.65,17.91,69.71,60.63
619,Mart Remmers,Male,standard,13,14,3,14.74,18.35,99.96,3.3,74.63
620,Stephanus Bussen,Male,free/reduced,29,16,8,4.74,24.29,83.42,42.45,75.62
621,Duff Horrod,Male,free/reduced,10,10,2,14.97,36.98,2.89,43.95,67.46
622,Jana Porritt,Female,free/reduced,19,18,12,22.32,70.74,41.53,72.35,50.82
623,Birdie Rens,Female,free/reduced,23,0,0,4.19,62.23,31.19,86.65,48.2
624,Kendricks Norley,Male,standard,16,6,22,11.1,42.2,50.47,83.56,4.44
625,Lukas Worviell,Male,free/reduced,24,11,23,17.22,97.42,68.31,85.83,59.52
626,Vitoria Glew,Female,standard,17,4,5,11.69,38.75,29.3,90.57,28.54
627,Tierney Imorts,Female,free/reduced,11,2,8,12.91,59.74,77.83,6.63,91.34
628,Adam Josifovitz,Male,standard,22,4,17,10.54,99.48,6.17,99.72,77.08
629,Maren Corbishley,Female,free/reduced,18,19,16,19.3,46.98,4.76,75,33.38
630,Garth Chesnut,Male,standard,14,1,13,18.26,42.91,79.62,99.51,66.36
631,Reginald Phettiplace,Male,standard,12,22,3,2.3,57.29,72.28,87.1,40.38
632,Rodrigo Cockerell,Male,standard,30,12,3,5.39,89.4,45.7,4.16,31.44
633,Whitman Pinock,Male,standard,10,23,0,4.94,67.71,71.01,7.95,54.98
634,Ignacius Dufour,Male,standard,18,13,0,20.53,43.5,23.44,15.29,51.23
635,Thebault Smitham,Male,standard,28,15,6,0.16,77.82,29.35,7.19,40.57
636,Herman Pucker,Male,standard,14,2,0,9.22,97.68,51.08,85.64,70.36
637,Anthe Frie,Female,free/reduced,17,16,21,2.19,4.43,39.34,22.36,32.23
638,Livvyy Nevitt,Female,standard,22,6,5,13.54,31.23,28.52,73.86,37.01
639,Giselbert Rosenkrantz,Male,standard,30,18,4,13.95,98.6,1.88,29.29,37.54
640,Verena Everson,Female,standard,14,15,16,1.21,66.89,85.1,34.87,81.41
641,Giles Gruby,Male,standard,14,24,20,7.02,71.24,89.69,24.58,19.5
642,Joshua O'Donnell,Male,free/reduced,11,17,1,17.96,63.24,96.6,4.55,34.96
643,Oberon Perrat,Male,free/reduced,24,18,3,1.71,24.38,94.3,54.94,14.64
644,Derril Darnell,Male,standard,17,19,21,20.38,78.1,26.26,23.93,90.49
645,Thalia Ebbutt,Female,standard,20,12,16,5.48,86.67,40.81,86.83,24.51
646,Ewen Kerr,Male,standard,26,19,16,16.15,93.32,4.42,67.49,35.76
647,Darleen Boxhall,Female,standard,29,9,3,5.07,64.79,43.4,51.61,97.46
648,Gwyn McDermid,Female,free/reduced,16,8,1,5.77,35.1,21.14,23.49,25.44
649,Lucia Hall-Gough,Female,standard,21,17,9,8.65,19.9,52.1,61.65,14.91
650,Theresa Curson,Female,standard,15,2,11,14.75,68.5,57.72,96.58,79.83
651,Early Ellery,Male,free/reduced,30,2,13,13.44,31.64,42.86,99.21,85.62
652,Joanie Medgwick,Female,standard,30,6,15,1.07,86.43,11.7,23.34,74.67
653,Kennith Ginnaly,Male,standard,11,3,24,3.14,4.79,85.08,67.4,27.18
654,Fionna Antunes,Female,standard,28,6,19,8.1,91.03,33.05,5.97,26.72
655,Vernice Randerson,Female,standard,29,4,19,5.75,59.41,52.47,13.02,84.93
656,Essa Tumbelty,Female,standard,16,18,9,13.34,73.42,99.13,87.39,26.52
657,Briant Edward,Male,free/reduced,11,17,6,10.68,83.64,46.54,86.99,26.52
658,Ches Andrew,Male,standard,25,22,7,7.27,99.76,1.43,69.32,48.37
659,Darill Haddow,Male,free/reduced,10,21,14,0.02,45.47,56.51,82.65,34.78
660,Davidson Gwillim,Male,standard,20,9,3,7.04,81.25,8.67,36.81,59.84
661,Bessie Anelay,Female,free/reduced,10,5,20,0.79,44.13,17.97,29.29,78.37
662,Cliff Woan,Male,standard,15,15,16,2.9,16.09,36.35,0.41,16.62
663,Hallie Heimann,Female,free/reduced,15,22,17,19.2,83.73,78.88,36.91,60.14
664,Ealasaid Shakesby,Female,standard,27,20,15,6.83,56.87,20.28,61.19,86.25
665,Norri Klaassens,Female,standard,30,5,19,23.63,77.65,18.88,18.8,49.86
666,Candie Baseley,Female,free/reduced,26,21,14,7,20.03,96.53,58.09,60.54
667,Ulla Sapauton,Female,free/reduced,13,6,18,5.69,26.01,71.09,92.38,21.16
668,Tailor Oxbie,Male,free/reduced,27,4,9,5.59,16.91,8.71,65.85,56.89
669,Trenton Baskeyfield,Male,standard,10,15,0,22.35,31.84,76.85,33.83,71.7
670,Alanson Dabourne,Male,standard,22,4,10,5.74,79.39,48.07,11.95,92.08
671,Velvet Ambrosoli,Female,free/reduced,10,16,24,18.36,28.98,11.34,73.4,71.01
672,Evvy Kilpin,Female,free/reduced,27,7,18,14.92,1.6,14.2,85.65,51.46
673,Stephanie Bidder,Female,standard,13,0,21,21.71,33.91,84.72,23.01,51.62
674,Claus Desmond,Male,standard,17,2,1,14.11,81.7,23.92,48.53,2.94
675,Gilemette Duffit,Female,standard,10,24,12,2.25,95.97,50.93,31.97,27.93
676,Keven Dupree,Male,standard,14,11,23,22.06,63.41,48.43,21.55,56.08
677,Andy Mallison,Male,standard,27,4,6,19.4,33.2,4.19,41.87,19.05
678,Sherry Randles,Female,standard,18,16,14,6.41,6.3,85.83,57.31,56.87
679,Olimpia Gunter,Female,free/reduced,23,24,17,2.31,84.31,69.6,47.78,15.3
680,Dallas Aiton,Female,free/reduced,16,19,0,17.52,24.29,14.72,69.45,91.91
681,Celeste Teasey,Female,standard,18,21,23,17.44,31.49,1.25,92.95,86.24
682,Briant Bazelle,Male,standard,24,2,5,19.27,60.53,9.47,44.44,98.8
683,Paloma Crowcum,Female,standard,11,0,0,8.5,22.23,40.92,85.7,96.19
684,Tito Kunneke,Male,free/reduced,20,20,2,7.33,99.25,30.12,10.27,18.02
685,Ab Bevens,Male,standard,28,7,9,4.2,7.86,19.27,39.61,30.77
686,Konstance Gossling,Female,standard,21,23,22,6.05,25.71,64.01,63.74,13.9
687,Juliet Bruckenthal,Female,standard,18,7,11,14.55,94.25,0.31,18.7,35.52
688,Tommie Rawcliff,Female,free/reduced,17,19,6,21.4,77.12,81.96,87.44,40.16
689,Laura Jepperson,Female,free/reduced,21,17,24,23.85,2.1,82.55,8.07,20.01
690,Zia Oriel,Female,free/reduced,26,11,1,9.13,6.03,66.34,79.76,55.64
691,Murdock Redley,Male,standard,14,6,23,18.12,2.71,24.07,66.92,68.71
692,Emilio Micklewicz,Male,free/reduced,29,18,16,17.99,93.54,8.02,4,22.27
693,Turner Blucher,Male,free/reduced,17,17,11,14.98,1.41,7.93,42.81,93.97
694,Alard Franzini,Male,standard,10,0,21,20.34,31.18,2.89,49.69,87.26
695,Farly Blindt,Male,standard,22,5,15,12.6,10.46,69,18.29,98.99
696,Ilyse Iddens,Female,free/reduced,24,11,1,19.86,29.73,67.26,64.45,44.82
697,Bren Crutchley,Female,standard,27,9,6,11.96,46.63,92.58,90.46,78.21
698,Andriana Kareman,Female,standard,10,5,0,10.79,28.25,13.48,63.18,62.89
699,Jodie Bouskill,Male,standard,28,18,24,21.67,52.31,47.67,50.23,15.42
700,Janenna Crambie,Female,free/reduced,21,21,1,18.7,53.6,86.99,51.86,77.47
701,Charmane Thowless,Female,standard,19,21,11,3.74,33.56,93.33,16.56,45.06
702,Hernando Rubie,Male,standard,15,6,1,22.51,82.14,19.15,43.16,19.95
703,Meggie Daniell,Female,standard,16,21,1,14,83.61,93.15,91.58,26.36
704,Adham Hammond,Male,standard,22,3,2,2.79,56.83,37.55,31.22,66.9
705,Davie Bigglestone,Male,free/reduced,16,4,5,19.15,95.56,55.68,85.48,29.5
706,Tonnie Kiddye,Male,free/reduced,28,22,6,2.98,15.32,49.22,43.17,68.32
707,Dennie Matson,Female,standard,10,6,19,13.55,37.91,52.7,74.99,93.22
708,Charla Screas,Female,standard,13,24,9,2.41,51.17,54.86,36.49,89.51
709,Mickey Poe,Male,standard,15,2,18,4.51,99.28,92.44,9.23,79.04
710,Niccolo Pembery,Male,free/reduced,25,10,17,13.28,38.59,15.88,94.11,24.45
711,Morgen Tebbe,Male,standard,26,1,18,16.5,14.91,66.04,64.15,78.6
712,Andriette Briggs,Female,standard,27,17,21,5.49,94.19,35.3,43.05,75.92
713,Sadie Albrecht,Female,standard,18,4,6,11.73,90.23,16.18,0.31,27.81
714,Cesare Musterd,Male,standard,14,14,20,6.04,26.25,65.15,56.43,3.31
715,Lotti Harrop,Female,standard,21,4,4,19.45,39.36,81.44,30.74,89.53
716,Karilynn Littlefield,Female,free/reduced,19,12,8,22.06,0.18,22.99,78.33,23.45
717,Carroll Webben,Female,standard,16,4,17,6.97,80.73,52.16,72.25,38.41
718,Patrizia Cressey,Female,standard,14,11,20,23.29,31.52,77.38,75.28,50.34
719,Albie Muzzall,Male,standard,15,9,19,16.63,39.94,4.66,52.18,0.48
720,Christin Burnyeat,Female,free/reduced,15,8,18,21.47,26.86,17.65,62.84,65.28
721,Norbert Vitte,Male,free/reduced,12,2,2,14.11,52.27,27.86,71.34,84.14
722,Sarina Knappett,Female,free/reduced,11,22,6,4.6,84.37,82.02,80.34,59.06
723,Babbie Harragin,Female,free/reduced,24,4,8,12.85,51.6,49.86,73.14,89.81
724,Heda Strutton,Female,standard,23,8,7,20.03,2.66,61.73,66.74,81.69
725,De Garmans,Female,standard,24,6,15,8.51,60.09,73.65,54.44,72.6
726,Chase Surby,Male,standard,20,10,13,12.48,2.25,33.58,57.6,49.67
727,Kimble Putland,Male,standard,17,19,3,12.22,27.8,75.14,53.55,60.25
728,Tabina Ivashintsov,Female,standard,13,0,3,2.29,53.95,19.94,52.23,77.88
729,Tudor Storr,Male,free/reduced,13,1,12,9.05,66.04,37.18,6.31,36.65
730,Locke Greenstock,Male,standard,21,15,15,10.43,23.32,82.58,65.84,24.04
731,Jocelin Vaudrey,Female,free/reduced,30,1,24,12.48,68.85,74.91,86.85,6.12
732,Frazier Mattityahou,Male,free/reduced,29,16,16,8.73,13.84,5.8,89.31,44.21
733,Kariotta Sives,Female,standard,12,12,11,0.39,36.94,98.83,65.9,80.07
734,Bianka Stanbury,Female,standard,14,16,23,4.44,65.97,49.48,4.19,77.73
735,Marthe Bowery,Female,free/reduced,18,23,2,4.2,5.13,74.16,46.92,15.52
736,Barnard Challenor,Male,standard,14,22,11,1.57,84.18,5.33,25.16,68.24
737,Deidre Trass,Female,standard,10,3,12,15.06,16.29,2.26,82.14,32.76
738,Merle McKleod,Female,free/reduced,22,5,24,5.17,62.06,35.23,5.55,33.9
739,Angie Souza,Male,standard,26,24,18,3.48,43.46,96.54,38.76,36.28
740,Elane Dunthorn,Female,free/reduced,17,21,6,3.78,94.44,52.64,77.56,7.71
741,Ban Pie,Male,standard,21,10,23,17.65,39.14,64.38,8.11,14.95
742,Rourke Westraw,Male,free/reduced,14,15,22,14.23,56.6,27.82,84.97,43.79
743,George Serris,Female,standard,18,2,8,10.35,73.3,40.77,34.16,3.02
744,Rici Hansana,Female,standard,20,3,15,13.23,48.9,64.73,95.04,90.99
745,Tandie Airdrie,Female,free/reduced,25,17,6,6.25,46.68,99.2,96.21,45.8
746,Priscella Parcall,Female,standard,20,18,15,16.86,83.96,4.25,16.91,56.52
747,Eduardo Halshaw,Male,standard,30,17,22,8.06,8.48,10.03,88.91,75.5
748,Krystalle Dewsnap,Female,standard,22,22,0,9.08,7.72,33.71,35.61,83.46
749,Teddi Alyutin,Female,free/reduced,12,1,19,3.75,93.36,78.27,25.25,76.34
750,Eamon House,Male,standard,17,24,21,11.29,97.99,16.43,90.28,9.67
751,Esdras Warman,Male,standard,25,1,21,8.54,10.1,92.19,65.56,70
752,Sebastian Tregien,Male,standard,22,10,18,4.1,72.79,10.97,84.49,14.82
753,Rainer Tomik,Male,free/reduced,19,20,0,18.3,64.27,34.33,55.11,91.9
754,Belicia Berriball,Female,standard,10,19,13,14.62,6.51,22.53,53.66,79.2
755,Levey Haslen,Male,free/reduced,23,22,9,0.64,85.75,67.45,80.67,89.35
756,Leonid Stodit,Male,standard,14,7,21,17.47,16.69,85.85,6.29,87.18
757,Milo Ferrier,Male,standard,13,8,7,17.9,63.13,60.46,88.92,78.29
758,Adlai Hebble,Male,free/reduced,13,6,11,3.66,69.74,46.25,53.88,33.57
759,Jillene Pudney,Female,free/reduced,10,6,2,13.5,85.55,63.05,83.56,77.12
760,Ange Harbisher,Male,standard,14,11,4,1.58,51.61,20.07,7.38,43.8
761,Bridie Crawford,Female,free/reduced,11,5,6,6.1,91.93,20.39,77.45,35.46
762,Randene Faustian,Female,standard,12,24,15,16.05,37.73,39.98,58.34,2.26
763,Wenona Forrest,Female,standard,12,16,2,13.97,66.42,83.8,2.11,9.14
764,Philip Lathleiff,Male,standard,18,1,20,2.84,26.89,49.76,55.73,4.71
765,Wilt Wadley,Male,standard,14,12,14,20.24,17.1,30,85.11,0.44
766,Renaldo Hammon,Male,standard,19,4,17,21.77,80.85,39.22,60.83,28.44
767,Beret Boice,Female,standard,16,23,19,1.07,29,54.62,90.41,85.66
768,Mike Caizley,Male,standard,29,12,14,11.87,14.53,77.55,84.87,10.49
769,Gracie Rabbitts,Female,standard,18,12,24,11.72,29.71,6.91,94.7,56.68
770,Christina Spragge,Female,free/reduced,26,14,3,0.27,29.61,93.16,68.08,35.5
771,Lawrence Stevenson,Male,standard,13,22,13,13.66,39.88,35.92,1.77,81.48
772,Normand Disbrow,Male,standard,14,13,16,15.83,73.26,0.48,20.64,90.33
773,Melva Ussher,Female,free/reduced,18,22,7,11.44,70.92,17.24,48.54,47.38
774,Aviva Kynsey,Female,free/reduced,21,15,10,23.52,49,87.28,23.62,59.45
775,Keri Casella,Female,standard,24,10,10,5.09,15.75,13.15,39.95,85.52
776,Collete Abella,Female,free/reduced,27,12,9,14.18,93.47,96.93,61.2,30.55
777,Jania MacKenney,Female,standard,17,9,9,4.76,22.3,34.8,13.27,60.29
778,Arny Wogden,Male,free/reduced,15,6,23,22,92.9,52.94,66.66,93.9
779,Cedric Duckworth,Male,standard,24,21,10,21.44,57.3,72.24,58.05,88.92
780,Parsifal Fowgies,Male,standard,15,9,9,4.91,80.83,41.64,76.95,81.94
781,Hartwell Wisbey,Male,free/reduced,16,8,8,2.01,20.92,63.02,96.14,89.98
782,Camey Lathleiff,Male,standard,21,22,20,7.17,49.91,58.3,40.39,15.84
783,Mil Smetoun,Female,free/reduced,26,24,24,16.32,42.26,90.53,7.11,36.47
784,Sammie Drife,Male,standard,29,3,13,7.81,83.91,55.24,90.5,4.4
785,Koressa Stanyland,Female,standard,16,19,1,2.47,44.98,95.21,54.27,81.55
786,Tudor Guiver,Male,standard,15,10,16,1.8,86.86,25.81,0.37,2.24
787,Loreen Lester,Female,free/reduced,14,20,8,21.06,95.76,30.31,88.55,77.93
788,Estrellita Mcsarry,Female,standard,22,17,3,0.9,21.95,69.48,2.37,1.37
789,Cathie Gemson,Female,free/reduced,15,21,9,20,7.93,87.01,14.18,5.75
790,Ashlee Cracoe,Female,free/reduced,25,5,13,12.77,34.54,17.18,17.96,2.51
791,Sephira Moppett,Female,standard,17,7,4,12.46,42.01,13.91,14.47,40.67
792,Ulrica Greenwell,Female,free/reduced,16,17,14,9.03,32.41,59.82,13.12,5.63
793,Sallee Clell,Female,free/reduced,19,21,11,17.42,74.25,53.18,64.41,63.34
794,Gasparo Eldin,Male,standard,25,14,8,0.5,13.96,10.98,57.45,74.45
795,Greta Casson,Female,standard,28,9,9,18.55,81,18.34,88.57,74.31
796,Roman Sinclaire,Male,free/reduced,15,13,9,16.84,6.44,2.32,64.74,55.26
797,Ban Semorad,Male,standard,21,17,10,10.79,54.49,69.09,68.92,12.35
798,Fern Churcher,Female,free/reduced,19,2,21,0.11,94.47,18.8,27.18,39.59
799,Elli Tuison,Female,standard,21,4,17,5.84,95.58,96.17,47.09,21.09
800,Tam Cottrell,Male,standard,18,0,9,6.15,45.92,89.05,86.05,18.58
801,Gweneth Laville,Female,standard,21,18,22,14.02,91.05,45.89,3.64,18.02
802,Rockey Deacock,Male,standard,14,19,2,1.11,69.55,98.36,90.67,47.62
803,Windy Holtom,Female,standard,22,24,14,20.81,16.06,38.13,64.75,84.07
804,Cari Willingale,Female,standard,20,14,17,16.31,59.33,86.55,44.54,34.27
805,Reggy Folkard,Male,standard,29,17,13,19.34,87.3,30.73,66.12,47.41
806,Ode Bigmore,Male,free/reduced,22,23,17,10.45,6.7,3.45,98.61,11.38
807,Liane Comrie,Female,free/reduced,15,14,7,14.43,12.79,29.08,96.19,56.42
808,Moina Gethen,Female,free/reduced,13,4,19,2.29,62.89,88.03,44.6,19.05
809,Oneida Biasetti,Female,standard,21,6,12,19.91,74.49,42.48,69.16,33.86
810,Aubrey Siggin,Female,standard,11,9,14,19.54,91.21,47.11,24.76,70.06
811,Jodie Yule,Female,standard,19,5,3,20.6,46.24,9.9,2.69,99.14
812,Bink Castagno,Male,free/reduced,28,14,23,15.19,50.42,21.55,87.28,8.57
813,Genovera Kenworthy,Female,standard,13,18,18,21.67,25.52,66.52,26.48,58.02
814,Rhiamon Gilfether,Female,standard,25,21,14,1.66,82.79,15.43,33.23,89.78
815,Bria Surguine,Female,standard,18,18,11,8.7,0.67,80.36,86.21,88.28
816,Xever Barbosa,Male,standard,14,21,18,7.24,98.63,57.93,92.65,75.09
817,Antonetta Farnes,Female,standard,17,11,1,6.09,97.96,46.18,40.17,45.31
818,Levi Yuranovev,Male,free/reduced,30,14,14,15.15,79.94,63,9.91,11.58
819,Ruben Mattek,Male,free/reduced,30,8,4,23.22,36.68,54.35,32.95,9.89
820,Buckie Busch,Male,standard,27,9,9,14.81,50.35,76.28,20.67,79.82
821,Roseanna Thorington,Female,standard,17,24,1,11.24,8.45,71.97,56.39,26.87
822,William Cockman,Male,free/reduced,30,23,21,3.62,8.39,80.29,93.02,78.71
823,Sidney Sharrocks,Male,free/reduced,25,0,10,11.7,20.68,19.33,10.62,30.62
824,Benjamen Frankema,Male,free/reduced,15,7,17,12.07,27.23,39.5,32.77,67.37
825,Dorey Pencost,Male,free/reduced,28,17,19,19.77,48.61,64.75,77.44,89.24
826,Raimundo Kornyakov,Male,standard,20,3,4,5.32,3.37,86.22,18.38,51.79
827,Aura Delph,Female,free/reduced,18,9,11,0.71,5.69,6.71,94.93,11.75
828,Paulie Goudge,Female,standard,17,5,4,16.86,29.49,54.58,49.27,20.19
829,Kaylyn Joye,Female,free/reduced,11,9,1,19.48,3.16,57.78,36.92,34.99
830,Armand Yonge,Male,standard,16,5,13,20.17,6.71,67.88,76.04,80.82
831,Bruis Offill,Male,free/reduced,26,21,14,22.36,18.45,76.85,53.31,74.25
832,Briny Heeron,Female,free/reduced,23,19,9,14.16,88.56,35.93,34.31,61.83
833,Doroteya Moffett,Female,standard,12,24,7,3.28,54.47,34.16,23.08,47.12
834,Clevie Austing,Male,standard,10,8,21,7.19,34.16,7.1,42.53,26.82
835,Olenolin Di Nisco,Male,standard,10,24,11,5.73,10.59,16.65,58.8,19.45
836,Laurice Peete,Female,standard,12,13,8,0.38,37.49,39.93,31.81,11.44
837,Marlena McChruiter,Female,standard,13,3,10,23.72,60.1,56.2,15.28,52.3
838,Noel Thebes,Female,standard,10,4,16,10.65,86.04,58.47,68.26,27.21
839,Vyky Gallanders,Female,free/reduced,28,2,10,19.52,72.51,79.84,36.02,48
840,Karly Gauche,Female,standard,12,5,17,11.54,15.2,43.29,13.59,62.66
841,Antone Tresvina,Male,free/reduced,12,3,5,16.16,98.92,6.57,87.68,59.55
842,Valma Lowres,Female,standard,30,22,5,3.3,7.49,49.99,95.36,73.43
843,Guido Swatland,Male,free/reduced,28,12,8,22.83,52.08,39.9,84.42,68.69
844,Efrem Chetham,Male,free/reduced,11,23,13,4.04,75.49,50.39,93.01,94.08
845,Basia Heal,Female,free/reduced,17,2,4,1.23,38.91,69.54,35.87,97.29
846,Lynea Bault,Female,standard,20,9,12,17.27,70.22,55.79,2.61,26.57
847,Almeda Balm,Female,standard,15,9,4,11.24,69.16,5.29,44.75,95.22
848,Hobey Twitchett,Male,standard,24,23,7,9.3,57.57,87.37,19.3,25
849,Alphonso Ceeley,Male,standard,17,4,3,2.24,20.04,65.29,79.81,39.79
850,Orton Gabbitus,Male,standard,21,6,9,0.46,60.05,52.08,34.63,85.22
851,Swen Jiroudek,Male,standard,26,17,4,6.2,18.67,55.64,35.3,83
852,Caitlin Lowndsbrough,Female,standard,28,23,5,4.01,4.59,24.86,67.09,85.22
853,Merrill Feehan,Male,standard,17,23,1,2.54,40.45,30.44,0.94,18.56
854,Joe Trickey,Male,standard,23,4,20,2.3,63.75,81.57,94.32,18.58
855,Darleen Tingley,Female,standard,17,2,15,14.92,9.75,44.39,44.26,58.08
856,Hartley Kett,Male,standard,19,17,18,15.93,41.59,47.95,59.68,56.95
857,Torrence Talby,Male,free/reduced,17,3,20,16.78,16.57,34.59,74.43,60.26
858,Ennis Tredinnick,Male,standard,14,21,3,11.07,56.25,5.33,92.36,57.73
859,Wandie Bellringer,Female,standard,29,1,8,22.58,92.7,82.38,68.3,47.63
860,Siffre Pudsey,Male,free/reduced,27,20,5,8.63,84.67,19.16,69.83,28.43
861,Vevay Sentinella,Female,standard,18,20,0,12.44,99.31,47.62,23.48,70.98
862,Adrian Thornthwaite,Female,free/reduced,30,10,23,22.22,37.26,37.75,75.46,10.77
863,Kim Tomley,Female,free/reduced,21,20,11,4.04,0.03,80,78.96,47.97
864,Herb Simione,Male,standard,14,22,7,11.98,82.29,9.67,6.53,18.91
865,Costanza McGivena,Female,standard,20,19,8,13.39,86.65,81.31,59.14,12.5
866,Dorey Sharp,Female,standard,29,8,14,13.59,0.08,97.34,94.66,40.45
867,Rodina Ramsted,Female,free/reduced,25,12,9,12.2,90.11,33.18,93.85,30.94
868,Wald Orrom,Male,standard,29,0,23,10.02,53.37,24,21.48,1.15
869,Claudetta Feldman,Female,free/reduced,28,4,17,7.88,63.59,2.96,83.89,80.17
870,Lebbie Elger,Female,free/reduced,13,10,12,12.4,43.35,13.82,76.83,16.07
871,Aleen Blakelock,Female,standard,28,0,8,15.6,70.23,38.72,64.92,94.31
872,Chastity Zambon,Female,standard,20,20,23,10.99,3.51,59.47,42.62,15.3
873,Clarey Keaveny,Female,standard,27,16,22,7.07,76.86,91.77,6.76,40.11
874,Mikkel Duinbleton,Male,free/reduced,20,10,7,0.14,6.4,9.8,43.81,74.8
875,Mandie Colcomb,Female,free/reduced,11,8,17,1.75,56.11,85.89,54.66,39.96
876,Florrie Bamblett,Female,free/reduced,20,21,7,15.38,8.51,46.75,50.9,72.39
877,Farlie Di Claudio,Male,standard,19,23,10,17.86,0.57,23.55,38.3,23.4
878,Jeffrey Agott,Male,standard,28,19,1,7.74,23.94,83.56,67.79,26.84
879,Alvera Bucksey,Female,standard,23,4,22,5.45,30.81,66.07,8.51,83.21
880,Sibel Lewington,Female,standard,30,7,5,18.9,45.62,34.91,63.07,94.22
881,Mannie Wyne,Male,standard,26,21,1,1.73,89.26,24.6,44.37,53.81
882,Tony Warlowe,Female,standard,18,4,23,16.42,54.59,3.82,62.14,42.46
883,Karrie Colt,Female,free/reduced,24,23,9,0.35,71.2,24.55,70.73,28.76
884,Boycey Healeas,Male,free/reduced,26,2,7,16.71,25.04,6.43,35.46,22.4
885,Thom Codrington,Male,standard,19,9,5,1.14,64.81,0.97,98.73,83.73
886,Noble Narracott,Male,standard,15,6,8,1.45,38.57,35.81,38.92,13.86
887,Thaine McDoual,Male,standard,11,1,8,22.06,54.59,47.02,69.21,96.45
888,Marta Ditzel,Female,free/reduced,10,16,1,20.14,36.51,26.72,37.01,5.03
889,Blake Windous,Female,free/reduced,14,21,5,5.75,15.09,97.77,2.95,34.39
890,Coletta McCandless,Female,free/reduced,23,19,7,3.29,96.12,82.19,26.79,46.42
891,Shurwood Scarrisbrick,Male,standard,29,19,18,7.4,47.64,13.12,1.18,55.51
892,Stepha Gonnelly,Female,standard,25,14,13,12.01,0.55,84.94,7.28,44.01
893,Pavel Illidge,Male,free/reduced,15,23,19,15.86,22.6,1.57,61.61,63.98
894,Klement McTrustram,Male,standard,24,14,16,9.91,99.02,53.53,92.33,74.06
895,Brigham Sallnow,Male,standard,25,17,10,3.21,37.49,34.98,94.79,53.73
896,Ilene Corona,Female,free/reduced,29,0,10,2.73,14.85,41.19,3.15,24.43
897,Leonie Klees,Female,free/reduced,18,12,18,7.97,2.86,81.39,49.54,76.4
898,Garrott Gallegos,Male,free/reduced,18,20,18,13.88,36.35,21.61,4.19,47.61
899,Tallulah Gurko,Female,standard,12,16,0,12.99,85.79,44.87,62.93,65.12
900,Davey Chicken,Male,standard,10,9,20,6.42,26.45,95.7,45.01,10.67
901,Vikky Sleight,Female,standard,28,16,20,0.97,89.67,74.24,85.82,54.31
902,Sinclair Bush,Male,standard,25,22,18,21.78,52.95,20.77,36.82,23.57
903,Toby Adcocks,Female,free/reduced,16,21,23,6.21,82.98,83.72,24.16,98.82
904,Bengt Duplan,Male,free/reduced,19,21,5,3.04,56.38,75.74,89.01,16.67
905,Mackenzie Bell,Male,free/reduced,15,19,20,19.55,91.43,14.11,76.65,78.78
906,Ben Tyrrell,Male,standard,27,0,7,7.19,88.11,87.16,14.45,68.07
907,Vladamir Losebie,Male,standard,26,9,1,20.14,7.89,93.2,87.68,19.51
908,Webster Roussel,Male,standard,30,0,4,1.46,1.8,95.55,0.15,66.32
909,Alf Sprey,Male,free/reduced,24,14,24,22.68,81.18,94.55,14.9,65.4
910,Harbert Rounds,Male,standard,12,24,19,17.93,83.48,43.6,9.91,75.6
911,Matthaeus Spear,Male,free/reduced,15,16,18,15.7,1.14,25.3,87.31,65.38
912,Aldridge Quinet,Male,standard,30,6,5,12.26,38.54,49.03,47.05,81.42
913,Alexandro Godly,Male,standard,15,4,8,12.15,66.79,21.4,31.65,32.55
914,Tracey Haughian,Female,free/reduced,13,2,12,12.12,57.26,39.45,73.35,54.89
915,Moe Lockett,Male,free/reduced,20,15,4,9.19,90.76,20.98,94.45,57.62
916,Skipp Slite,Male,standard,10,18,12,20.33,97.51,91.43,78.78,18.66
917,Haleigh Teasey,Male,standard,19,9,13,8.78,66.73,94.33,3.79,61.73
918,Reese Mandres,Male,standard,22,10,3,23.51,26.86,57.36,51.58,70.51
919,Robinet Hupka,Male,standard,14,12,22,3.09,19.21,77.35,57.51,37.1
920,Carine Maestro,Female,standard,28,11,5,1.77,30.41,71.59,78.19,30.23
921,Kirbie Langlands,Female,free/reduced,21,0,1,10.34,73.84,14.25,89.51,9.04
922,Ruddy Timms,Male,free/reduced,16,13,23,3.85,46.88,56.76,14.48,43.19
923,Yevette Durante,Female,standard,12,7,14,14.39,68.37,66.83,62.53,4.59
924,Rachele Arnke,Female,free/reduced,19,16,23,9.76,98.73,73.3,16.31,12.05
925,Debera Fawdery,Female,free/reduced,14,1,21,9.1,1.21,4.29,30.29,49.78
926,Carling Howler,Male,standard,23,17,23,13.93,34.23,76.09,45.38,5.86
927,Norine Kerne,Female,free/reduced,23,9,22,1.63,48.69,50.21,25.39,16
928,Emmalynn Richardeau,Female,free/reduced,16,10,0,1.89,91.38,92.46,4.24,72.86
929,Maureene Ransfield,Female,free/reduced,11,19,19,21.38,40.67,61.64,53.73,41.11
930,Johnette Ellif,Female,free/reduced,16,8,12,4.57,93.76,93.27,11.47,37.84
931,Clywd Wainer,Male,free/reduced,18,20,2,11.02,86.56,62.65,93.12,19.78
932,Dwayne Rickword,Male,free/reduced,29,24,1,2.64,7.48,95.54,33.33,85.02
933,Zacharie Towriss,Male,free/reduced,30,16,2,21.41,49.32,31.97,99.94,23.97
934,Lukas Halliberton,Male,free/reduced,23,12,16,10.3,86.91,73.72,90.93,82.28
935,Turner Ennew,Male,standard,28,24,18,17.72,62.78,81.55,6.82,64.09
936,Zebulon Mitchelson,Male,free/reduced,25,14,3,4.38,48.54,3.57,51.45,34.06
937,Steward Wasmuth,Male,standard,19,1,0,2.06,23.3,41.36,76.13,42.36
938,Bobbee Straker,Female,free/reduced,16,10,20,9.23,9.54,1.89,95.78,95.18
939,Alisander Postin,Male,standard,18,11,8,21.3,39.68,79.22,86.82,43.39
940,Federico Hearl,Male,standard,19,15,17,3.35,4.27,87.92,60.81,82.57
941,Shandeigh Ygo,Female,free/reduced,14,19,4,5.16,12.05,95.62,35.7,43.88
942,Kalle Dafforne,Male,standard,10,1,8,9.42,23.53,44.26,48.91,95.86
943,Tedi Breckwell,Female,standard,14,15,4,7.93,46.84,25.17,18.35,90.58
944,Micheal Dran,Male,free/reduced,22,2,16,14.75,84.92,50.53,30.32,11.38
945,Tom Bodd,Male,standard,17,1,17,12.89,56.02,95.78,56.64,60.6
946,Gus Grout,Male,standard,12,18,13,13.95,58.54,40.44,22.17,18.19
947,Lucilia Ostler,Female,standard,24,0,15,11.62,1.73,16.94,21.07,85.56
948,Zaccaria Summerscales,Male,free/reduced,23,24,13,4.68,16.56,65.62,8.06,69.67
949,Byron Lintott,Male,free/reduced,14,16,6,22.2,70.75,58,54.16,11.35
950,Marta Shade,Female,free/reduced,12,14,6,0.81,40.98,11.09,41.2,6.6
951,Hadrian Heijnen,Male,standard,12,6,18,15.4,28.79,92.39,79.93,18.65
952,Melesa Cartner,Female,standard,21,2,7,11.57,83.19,22.34,43.77,22.67
953,Madelon Ebbrell,Female,free/reduced,13,19,7,16.83,82.53,54.43,91.96,84.82
954,Jazmin Drust,Female,standard,26,17,23,2.12,53.26,95.59,67.81,97.17
955,Ed Duigan,Male,standard,10,3,0,21,43.91,28.13,54.13,38.93
956,Chalmers Pretswell,Male,standard,13,12,6,2.18,47.01,31.46,17.53,90.82
957,Adah Willoughley,Female,standard,14,12,21,3.68,98.2,32.25,20.6,90.74
958,Gaspard Espley,Male,standard,16,5,15,4.41,82.4,92.96,40.78,26.36
959,Shandra Brockhouse,Female,standard,19,17,12,5.91,82.03,61.17,24.8,66.13
960,Aloysius Grimster,Male,standard,23,0,1,2.07,95.73,61.06,64.44,97.25
961,Bruce Raggett,Male,standard,28,17,24,23.38,16.21,24.19,61.37,97.93
962,Bevon Crocetto,Male,free/reduced,23,13,4,19.63,77.2,47.82,30.09,19.03
963,Griffin Astridge,Male,standard,15,7,14,23.17,88,54.12,47.27,72.7
964,Ogdon Vanichkov,Male,free/reduced,13,11,15,13.05,62.67,12.4,44.86,88.71
965,Kitty Hardeman,Female,standard,17,21,6,3.24,3.19,20.06,51.32,87.26
966,Dannie Fauning,Female,standard,24,6,3,17.52,86.75,42.74,14.07,72.35
967,Clovis Yanov,Female,standard,14,13,19,18.94,72.66,65.3,30.91,75.44
968,Olimpia Filippazzo,Female,standard,11,22,7,2.57,84.73,11.94,59.98,39.35
969,Jobye Tregiddo,Female,standard,11,4,17,3.4,7.51,92.68,95.53,22.02
970,Latashia Gosenell,Female,standard,30,2,0,7.82,66.29,43.58,6.16,15.1
971,Laverne Grinley,Female,standard,24,15,24,22.2,24.99,64.91,73.33,80.78
972,Milli Bumpus,Female,standard,20,9,5,10.48,90.56,44.87,83.17,37.88
973,Jecho Ventam,Male,free/reduced,24,22,14,19,6.64,89.84,53.04,51.85
974,Tades Jacomb,Male,free/reduced,18,3,14,3.68,22.88,7.17,90.86,34.78
975,Astrid Imlen,Female,standard,27,20,23,0.41,96.3,30.74,69.27,14.44
976,Latashia Salmon,Female,standard,14,2,15,15.18,5.77,92.96,75.16,5.07
977,Micah Dillintone,Male,free/reduced,10,7,22,22.04,21.02,20.94,25.54,69.77
978,Donaugh Drissell,Male,standard,20,24,21,13.72,3.18,50.73,26.51,58.69
979,Eli Vanyarkin,Male,standard,11,21,10,2.58,21.3,42.73,98.68,68.61
980,Emery Willsmore,Male,standard,27,23,23,2.8,52.18,34.57,70.98,78.17
981,Ansley Howles,Female,free/reduced,24,20,2,4.08,48.43,98.77,95.89,6.66
982,Kikelia Wiburn,Female,standard,22,9,14,2.4,93.4,40.28,4.83,9.62
983,Graig Goodbar,Male,standard,14,15,13,10.09,69.98,69.75,11.76,20.51
984,Kath Lockyear,Female,standard,28,22,18,0.09,35.67,87.09,57.83,94.5
985,Foss Goudy,Male,standard,11,8,1,4.8,8.13,10.85,80,22.64
986,Jarib Cluatt,Male,standard,26,11,1,9.78,43.11,32.31,78.66,64.51
987,Eula Abramin,Female,standard,25,1,9,2.85,20.22,46.43,42.95,57.15
988,Jacqueline Kelloch,Female,standard,23,6,13,12.21,47.74,50.97,8.79,78.22
989,Devondra Rampling,Female,free/reduced,29,23,13,15.58,37.04,25.73,38.74,22.33
990,Javier Weatherburn,Male,free/reduced,30,7,14,21.59,21.46,31.23,79.78,85.63
991,Darya Grigg,Female,free/reduced,25,18,10,0.11,50.79,19.55,44.46,13.29
992,Mariquilla Yurocjhin,Female,standard,18,23,14,3.21,71.37,83.71,33.11,96.55
993,Nananne Pellew,Female,free/reduced,16,24,20,17.42,4.6,55.43,41.4,51.98
994,Honoria Pegram,Female,free/reduced,21,16,7,2.8,31.5,31.41,33.38,94.14
995,Pen Albone,Male,standard,16,21,5,3.18,13.35,3.78,38.39,10.81
996,Lena Philpott,Female,standard,26,13,8,23.73,68.77,58.98,72.56,35.5
997,Kassie Jolliff,Female,free/reduced,28,21,14,0.31,31.58,61.81,0.87,14.29
998,Rudiger Conyer,Male,free/reduced,14,17,20,8.96,3.8,12.73,78.8,64.85
999,Avivah De Ferrari,Female,standard,25,15,5,18.4,14.72,43.53,49.76,6.77
1000,Gregoor Clawley,Male,free/reduced,23,18,9,1.68,89.67,67.75,96.83,46.97
